date,price,volume,market_cap,pct_change_1d,pct_change_3d,pct_change_5d,volatility_3d,volatility_5d,volume_spike_3d,momentum,will_price_go_up_3d,coin
2025-01-13,94454.77089638807,19608932595.53299,1870314882306.9236,-0.0011080929848023002,0.0225003129353174,-0.025758369344515697,0.015616243274933848,0.020624945924348246,0.5831420919291016,-0.008608197296574766,1,bitcoin
2025-01-14,94456.3493746993,76328330233.31137,1870609367804.8223,1.6711472552000117e-05,-0.002958490048000084,-0.005897541697507114,0.0009487500894534235,0.018870847563215117,2.0126357750723436,0.0010028748218853616,1,bitcoin
2025-01-15,96574.07768799194,51241728228.81719,1912603332624.1123,0.022420179557139264,0.021304310142379546,0.04544242413897481,0.013271273338130777,0.01373921240100378,1.0444777721449752,0.01531874284301275,1,bitcoin
2025-01-16,100313.15239828422,57637319739.543396,1986831430651.8647,0.03871716717163309,0.06202314024267208,0.058863460183867344,0.019430356227823093,0.018231130312836772,0.933612693498348,0.0180427870907424,1,bitcoin
2025-01-17,100044.57926776377,50150102497.2729,1980935754458.284,-0.0026773471284613493,0.05916203548050003,0.058006066003079004,0.02085259162623087,0.018383743864392517,0.9460549028357622,-0.02239802562196136,1,bitcoin
2025-01-18,104160.69358484233,69135117732.00064,2063854663834.0774,0.041142802010911694,0.07855747710437333,0.10275735779509909,0.02462923394772677,0.02071697753045525,1.1722946846261515,0.014956976309453918,0,bitcoin
2025-01-19,104334.61575724394,49416447749.13053,2067151195362.0425,0.001669748601087706,0.040089093631439976,0.10458022618848517,0.024142716836117045,0.02032943681718554,0.8787663158515385,-0.011693282609392286,1,bitcoin
2025-01-20,101275.33714814208,72970313683.92325,2014842808849.5005,-0.029321798780760466,0.012302094620081805,0.048680345416694415,0.03531727131623158,0.02987816013763461,1.1430074830412003,-0.0334224969874544,1,bitcoin
2025-01-21,101764.90860170545,120158523166.88387,2017837068202.1384,0.004834063922663168,-0.023000854743593258,0.0144722418617369,0.018872872319773453,0.025183594899344512,1.486219656239585,0.012501015503860919,1,bitcoin
2025-01-22,106182.2368201815,95344290057.8965,2098829000928.49,0.04340718504219265,0.017708610412065173,0.061349226488230046,0.03638684221399359,0.030416566227456785,0.9915407831531343,0.0375043149048376,0,bitcoin
2025-01-23,103673.53509537787,55030669602.56557,2054288661793.9773,-0.023626378572642937,0.023679979892121228,-0.004676989684862742,0.03364367476667476,0.028837773421639883,0.6102461221521263,-0.03151970520335001,1,bitcoin
2025-01-24,104067.60991206947,102455227371.20761,2062360759045.0,0.0038011129487294237,0.0226276556624887,-0.002559129999536447,0.03370065995578269,0.028895544184266507,1.2157000938939384,-0.0037414389387668097,0,bitcoin
2025-01-25,104835.19253555956,51418786362.7815,2076156720642.786,0.007375807171305704,-0.012686154718167586,0.03515026943045618,0.016961629495433537,0.023866284740278194,0.7384054614028479,0.0116045254106949,0,bitcoin
2025-01-26,104796.04077738234,22740744964.719296,2077647817531.3406,-0.00037346006842065016,0.010827311723978328,0.029785632565547226,0.0038785014591792683,0.024105499733035315,0.38627708916750225,-0.0039825639764134255,0,bitcoin
2025-01-27,102552.24874280207,20639818380.26942,2036324005947.406,-0.02141103822182311,-0.014561314231659406,-0.03418639676546631,0.014895823268068107,0.01458797472954963,0.6531632899559124,-0.016557266811269972,1,bitcoin
2025-01-28,101958.46953745594,93191643783.24739,2019295541213.5288,-0.005790016431870826,-0.027440432249197677,-0.01654294469986095,0.010923484632975522,0.011260229679838512,2.0470851077864762,0.003356794317861733,1,bitcoin
2025-01-29,101313.11264498268,45780526813.56264,2007072201507.5273,-0.006329605528613502,-0.03323530265612251,-0.026468343699006414,0.008867140559722927,0.010557135963988757,0.8604715806179848,0.004748828690094001,1,bitcoin
2025-01-30,103718.97939813645,47425401641.53094,2056581551171.7,0.023746844710855086,0.011376938776452405,-0.010647313277404424,0.017210995427174,0.01639694187212322,0.7632943026890313,0.01995453178537095,0,bitcoin
2025-01-31,104781.5135100103,42122570869.034325,2076760153260.6191,0.010244355642907044,0.027688175247837288,-0.0001386242005353422,0.015064341223301454,0.017326553256313583,0.9337849251134991,0.0010149638936279484,0,bitcoin
2025-02-01,102382.39409722165,37187819228.35328,2028504133577.489,-0.02289639968370427,0.010554225650789117,-0.0016562742179004886,0.024000760829256246,0.017793838255344804,0.8802837474269749,-0.026414474900633977,0,bitcoin
2025-02-02,100674.78762544956,22827776122.48367,1996423711261.7268,-0.016678712065968604,-0.029350383028755256,-0.012590243045329297,0.01761543299584564,0.01925461983499621,0.6704969445019016,-0.006895251056383519,0,bitcoin
2025-02-03,97568.31653024875,59784234332.21204,1933691439792.2544,-0.0308564951411483,-0.06884035874393479,-0.03696260056540068,0.007106713867067507,0.023226206414273354,1.4971031550808085,-0.007909708893170036,0,bitcoin
2025-02-04,101466.8606657039,122163969235.23686,2011121374511.8835,0.0399570708411936,-0.008942293639357168,-0.02171366075429204,0.03746816997036629,0.02904397588115289,1.789721178531998,0.042937835387645985,0,bitcoin
2025-02-05,98118.43921664466,73196693057.98114,1943535291172.1597,-0.033000148295620035,-0.025392141062323792,-0.06359017034745429,0.041516888531775466,0.030142652646401428,0.8606485259092463,-0.024536101274845436,0,bitcoin
2025-02-06,96582.88682919052,48848958931.79228,1912584628590.309,-0.01564998790964922,-0.010099894474992932,-0.05664555238397684,0.038113708978344533,0.02970049839910257,0.6000864178088676,-0.012283356417984911,0,bitcoin
2025-02-07,96635.41875332211,44462180396.172516,1915093756057.5637,0.0005439050939168855,-0.04761595934558005,-0.040122944059793,0.01677534775511357,0.02991082711012443,0.8010826834820776,0.016415891542443568,0,bitcoin
2025-02-08,96558.4563096667,57077722340.22422,1911296376425.356,-0.0007964206566111187,-0.01589897800487361,-0.010350288459358259,0.008987649895541884,0.026997337157131044,1.1386027204492948,0.004503238678346751,1,bitcoin
2025-02-09,96558.23762501091,20760850644.84597,1914211835440.1182,-2.2647903057393393e-06,-0.000255212957376294,-0.04837661290088702,0.0006739755435659893,0.014633214446367962,0.5092573039218106,8.280619548635866e-05,0,bitcoin
2025-02-10,96548.57865379585,25457107581.051964,1913068773356.083,-0.00010003259641677698,-0.0008986363452093693,-0.0159996487447438,0.00043305088505532404,0.00697552008325514,0.739346721223921,0.0001995128519863461,1,bitcoin
2025-02-11,97399.98161383197,37054987393.57789,1930742951090.367,0.008818389373592916,0.008715190117232874,0.008460036880928001,0.005121063510283928,0.0040117856445045195,1.3349469188794314,0.005913326001181959,0,bitcoin
2025-02-12,95739.97737079239,36454577154.5622,1898788887978.3252,-0.017043167930165692,-0.008474266663775265,-0.009266182048794036,0.013136642338312554,0.009383898759448592,1.1050561680089852,-0.014218412375573938,1,bitcoin
2025-02-13,97836.18856127483,47115618235.19051,1936842454813.9983,0.021894836911899418,0.013336394232131621,0.013232732796705005,0.0198157422582752,0.014237368364169207,1.1717856209135173,0.017449372167855543,0,bitcoin
2025-02-14,96561.6639990985,29084371910.690556,1914315097486.3862,-0.013027128109943664,-0.008606958654850727,3.548505204586938e-05,0.021415883661063072,0.015947371048080142,0.7745191146966338,-0.010158141891660089,0,bitcoin
2025-02-15,97488.48148536457,32289906944.92862,1931656846871.4856,0.009598192987589016,0.018263051262278562,0.009735025048261292,0.017713724657990353,0.016496004834838818,0.8928916279983441,0.003510509233496162,0,bitcoin
2025-02-16,97569.95169430465,14215311318.346336,1934308378710.2861,0.0008356906138937692,-0.0027212514191866655,0.0017450730242081214,0.011408069845402222,0.01605742129434428,0.5641773405159576,0.0017427744202893245,0,bitcoin
2025-02-17,96149.3484548204,13634794998.739267,1905012222220.3691,-0.014559843628242475,-0.004269971406892337,0.004275863597111185,0.012229845022060188,0.015406215043044886,0.6801525769209289,-0.013136519825945029,1,bitcoin
2025-02-18,95776.15723852723,25324374113.08163,1898997753781.9536,-0.0038813702046928134,-0.017564374998439103,-0.021055923713313884,0.007887785198483509,0.01001366750775662,1.4287515688849763,0.0019734214614535546,1,bitcoin
2025-02-19,95495.89153299287,38311133144.729355,1892702154844.508,-0.0029262575740679475,-0.021257160891193116,-0.01103722141859087,0.0064586164575513895,0.008725423822134508,1.487420083495857,0.004159462722996425,1,bitcoin
2025-02-20,96554.87156259285,27703222487.389572,1914337919659.5537,0.011089273188617854,0.00421763760534466,-0.009576617755728156,0.008381204232354784,0.009239253665966665,0.9099061011031389,0.0096833939868363,1,bitcoin
2025-02-21,98384.31738240314,24175261969.81266,1950376106325.3228,0.018947214057701167,0.027231831168381238,0.008346480386194788,0.011080245924524222,0.013252882684629664,0.8041478369444235,0.009869937001574089,0,bitcoin
2025-02-22,96135.15541305285,42477472950.92155,1906058197506.3809,-0.02286098058299446,0.006694150604784177,-0.0001476145392105277,0.02221970636234564,0.016032734363616238,1.3505497941330105,-0.02509236411792252,0,bitcoin
2025-02-23,96564.15414290235,18464415570.762142,1915260330870.798,0.004462454218815859,9.61378764146037e-05,0.008227485076610863,0.02123010243370349,0.015952202510589562,0.6507883122546555,0.004430408260010991,0,bitcoin
2025-02-24,96327.46309127835,16643044374.983364,1909625674815.4763,-0.002451127478150239,-0.02090632273363391,0.008707930204496561,0.014206394129702803,0.01591881964520953,0.6435416164044269,0.004517646766394397,0,bitcoin
2025-02-25,91396.76686930266,45539703844.38777,1814176779160.4363,-0.051186816965203774,-0.04928882179876137,-0.0534214857294526,0.030330969939902693,0.027221036313451307,1.6940349184341421,-0.03475720969894998,0,bitcoin
2025-02-26,88755.7693356979,96742453402.56294,1759750360550.3337,-0.02889596234165903,-0.08086214679257753,-0.09786669565720219,0.024397332233206556,0.02217059773202937,1.8261884033855655,-0.001941913410799856,0,bitcoin
2025-02-27,83900.11496524839,69277430795.68657,1664314955447.7466,-0.05470804215649505,-0.12901147530745205,-0.12726915970786723,0.013997289565384045,0.027147188745260394,0.982381816442059,-0.011704217054011035,1,bitcoin
2025-02-28,84709.14477847965,305190442156.92804,1679555320077.2097,0.00964277359532062,-0.07317132016700667,-0.12276822046076052,0.03238447446928811,0.028682389832421683,1.9430205054136842,0.034033213650989505,1,bitcoin
2025-03-01,84441.9012237131,80695237175.07367,1674754437110.342,-0.0031548371249103813,-0.048603805073995865,-0.12338705376578518,0.034064985143837725,0.028542279024586087,0.5318658435594835,0.01304643123308824,1,bitcoin
2025-03-02,86005.25629681018,30634474722.6359,1705564098300.8237,0.01851397292625223,0.02509104227608927,-0.05899016734587925,0.010893532842540599,0.029944985722153424,0.22064580374627477,0.010150292167555808,1,bitcoin
2025-03-03,94261.53286538439,61859112550.80991,1868321705444.4878,0.09599734858159392,0.11276690505948217,0.062032739628026023,0.05212863378598063,0.05425693279590349,1.0715318280111819,0.0584083802284332,0,bitcoin
2025-03-04,86124.71418722175,68715362745.4567,1708198960874.3418,-0.08632173094175011,0.019928648444927255,0.026514853083273948,0.09150086071242329,0.06494638031601867,1.278750889526906,-0.09296461375672586,1,bitcoin
2025-03-05,87310.80531078295,65863356680.42408,1731441668069.6523,0.013771785889272525,0.01517987469820703,0.030712865052608285,0.0913053503634102,0.06501562301842025,1.0058656627034972,0.008711827656536848,0,bitcoin
2025-03-06,90604.08098523637,51606642859.81411,1797706868227.531,0.03771899323034544,-0.03880110760951927,0.0729753791923482,0.06580055990665587,0.0658640486821725,0.8315365218769271,0.050652695766851864,0,bitcoin
2025-03-07,90001.40087607042,47555759124.64708,1782785866811.654,-0.006651798711629353,0.04501247667912556,0.04646395756870092,0.022208702216865963,0.06657551135816278,0.8645152037364846,-0.021655957604671205,0,bitcoin
2025-03-08,86773.33597555371,63216440874.73251,1720436931689.2776,-0.03586682950592812,-0.006155816949759085,-0.07944064415464824,0.037052122093172414,0.04795286787074051,1.1679435527733828,-0.03381489052267509,0,bitcoin
2025-03-09,86142.9833586432,18809360803.37126,1708605516770.228,-0.0072643584555524,-0.04923727030927105,0.00021212461015251982,0.016693285096805118,0.027364429532519243,0.4354638272648116,0.009148064980871284,0,bitcoin
2025-03-10,80751.13893300897,32013406240.51754,1602073794580.0344,-0.06259180046256474,-0.1027790884699541,-0.07513006384977017,0.027669029804277503,0.037447313693399535,0.8421684127277276,-0.028332104305913375,1,bitcoin
2025-03-11,78783.94057934263,49983692766.22745,1563547150147.7332,-0.024361245917513652,-0.09207200929167803,-0.1304592494881086,0.028328444776550485,0.02321261526332548,1.4875145757636683,0.006329423846379023,1,bitcoin
2025-03-12,82799.1080292053,56404462275.083046,1642997419531.6057,0.050964288157419935,-0.038817733018558176,-0.08002423047595109,0.05777902827030746,0.04241394122494835,1.2226262858457122,0.06390353249693932,1,bitcoin
2025-03-13,83884.24578828987,41782186208.59073,1662502658717.542,0.013105669673419973,0.038799537649619076,-0.03329467692791899,0.037662936779388305,0.04228273354565031,0.8459625426276445,0.00017249045688028097,1,bitcoin
2025-03-14,81098.90052436228,32583592654.882656,1608477373718.186,-0.033204629042709044,0.02938365265809817,-0.05855477297878875,0.04215512104781645,0.04402755390011332,0.7475001736907178,-0.04299917992874177,1,bitcoin
2025-03-15,83971.70916064628,28571483950.074646,1665725559905.8198,0.03542352137586624,0.014162001975037919,0.0398826601109501,0.03500607876180006,0.036634601146304735,0.8326863325040995,0.0307028540508536,1,bitcoin
2025-03-16,84391.69087647168,10761796127.312485,1674173293916.4658,0.00500146680380098,0.006049349116907132,0.07117885010437552,0.03438757089921938,0.03215215122284744,0.4489264779647557,0.0029850170981652693,0,bitcoin
2025-03-17,82610.61750343916,21638031633.118767,1638672153483.722,-0.02110484284098013,0.01864041274669015,-0.00227648014879156,0.028291626466404506,0.02738356982477043,1.0646662024850457,-0.027318313756543516,1,bitcoin
2025-03-18,84075.36559694471,19659366246.596867,1667799227887.438,0.017730748634636084,0.001234420941702341,0.002278375478718564,0.019798052027320726,0.02801438476222402,1.1329045688227215,0.017319274987401972,1,bitcoin
2025-03-19,82780.03048688271,24557570268.85276,1642578274105.806,-0.015406832915503599,-0.01909738237083125,0.020729380443516687,0.020971289077227933,0.023362961070968805,1.1187115092114708,-0.00904103879189318,1,bitcoin
2025-03-20,86815.44109470697,33871216993.304657,1721565138141.278,0.0487486001646702,0.05089931195699826,0.03386535730290241,0.0320835524275707,0.028080406330995403,1.301268456405776,0.03178216284567077,0,bitcoin
2025-03-21,84270.84358966233,27579127651.06656,1672550706502.8184,-0.0293104253455182,0.002325032919330061,-0.001431980868664473,0.0416382054924018,0.032529236834024866,0.9619740582791241,-0.030085436318628218,1,bitcoin
2025-03-22,84009.532917822,18091004975.919056,1666749159154.2927,-0.0031008431945065418,0.014852645302348755,0.01693384526903685,0.03972513569682585,0.03052557860881902,0.6823245417238006,-0.008051724961956126,1,bitcoin
2025-03-23,83793.30854192551,7771134681.982918,1662574363663.653,-0.0025738076190472414,-0.03481100268193782,-0.0033548121143044396,0.015286522879538304,0.02953217386926685,0.4362434728795492,0.009029859941598698,1,bitcoin
2025-03-24,85787.70914901773,12617587530.619724,1702009594329.4495,0.023801430469765128,0.017999885781865732,0.03633338432524025,0.01538215025631288,0.0297323464327435,0.9837066257359136,0.01780146854247655,1,bitcoin
2025-03-25,87327.72969669085,27270889835.1835,1732715331970.134,0.017951528988820797,0.03949786010731304,0.005900892692868087,0.013851377635723909,0.020946034139451956,1.7166037655430477,0.00478557561971645,0,bitcoin
2025-03-26,87520.58391530563,30351832942.705593,1735368473904.4885,0.0022083961106582617,0.044481778297549956,0.038563044906340105,0.011167860978344804,0.012416801729833738,1.2963424909170203,-0.01261886332185839,0,bitcoin
2025-03-27,86960.8555491039,25522877558.700558,1724854479045.6724,-0.0063953911315695056,0.013674993909073452,0.03513080633562016,0.01234668583789246,0.013193538233230377,0.9208981878311885,-0.010953722434593988,0,bitcoin
2025-03-28,87227.27158032371,24620445368.489468,1729729987159.4822,0.0030636316712566725,-0.0011503575864854065,0.040981351591816484,0.00523178897315944,0.012387257056881209,0.9175873418376944,0.003447084200085141,0,bitcoin
2025-03-29,84359.46915506005,31674486232.097313,1673182800974.1038,-0.03287736017998477,-0.03611852913715263,-0.016648538679086777,0.018630274162934526,0.01875384464905509,1.1614031183760387,-0.02083785046760056,0,bitcoin
2025-03-30,82679.17255385047,16837439419.924389,1640665503855.1438,-0.01991829273037571,-0.04923690053665242,-0.05323116905690639,0.018201928348469423,0.015422151397683532,0.6906971229690634,-0.0035059925514915706,1,bitcoin
2025-03-31,82356.38111183756,13428975108.070734,1633996304187.2593,-0.0039041445631627925,-0.05584137139954859,-0.059005579858396606,0.014513428229653654,0.01433902754399914,0.6504090968946394,0.014709645903353403,1,bitcoin
2025-04-01,82514.09365397849,30326148749.91535,1635076581047.3545,0.001915000878034645,-0.021875143591641222,-0.051135213275523395,0.011306400141647872,0.015579945680453608,1.5014787513191905,0.009206715408581718,1,bitcoin
2025-04-02,85237.5876052852,29172899851.734768,1690602036035.04,0.03300640933811416,0.030943887951568216,-0.02281034290068673,0.019844928499898072,0.02495562160074884,1.2000695357323743,0.022691780020924757,0,bitcoin
2025-04-03,82526.4221526433,46332905657.77597,1637358764747.381,-0.03180715842401194,0.0020646978231695368,-0.021729001151577387,0.032415681066627414,0.024652588877636845,1.313390817981118,-0.03249539103173512,1,bitcoin
2025-04-04,83163.98757387721,36594464539.14662,1652537223074.958,0.0077255914482110555,0.00787615655846663,0.005863810740376785,0.03266689616849123,0.023292122796853554,0.9793321066023137,0.005100205928722179,0,bitcoin
2025-04-05,83852.00765399594,35647289400.47406,1664234880198.049,0.008273053038823308,-0.016255504058908188,0.018160420868024385,0.02298391240831491,0.02323711052250473,0.9018947940860892,0.013691554391792704,0,bitcoin
2025-04-06,83595.88550177493,14910400035.531416,1656020067997.187,-0.00305445462054843,0.012959041737608867,0.013110388781981008,0.006387768744651975,0.023444449576708916,0.5132540971890096,-0.007374135199751386,0,bitcoin
2025-04-07,78211.48358199988,36140377231.68329,1555325260787.2627,-0.06440989155693222,-0.05955106454555059,-0.08242964425297339,0.039105865942203145,0.0312686483314133,1.2505599705080506,-0.04455953670841535,0,bitcoin
2025-04-07,76948.8106985644,70953401994.35596,1527055656578.0476,-0.01614434128604214,-0.08232595913405749,-0.06758576597156218,0.03231459452920584,0.03013514628517795,1.7446960200167125,0.011297645091977022,0,bitcoin
2025-01-13,3264.070968533687,9699706283.258541,393199349088.32996,-0.0059448184550570105,0.013972297769791808,-0.03430456599007892,0.010753932944728845,0.01833622997799101,0.6130016390637191,-0.010602251044987614,1,ethereum
2025-01-14,3134.5520394596483,41743898872.017,377643507549.0125,-0.03968018168802934,-0.04117978234747699,-0.057314447318358774,0.023054945984895648,0.023590117060722966,2.0039845172570563,-0.025953587572203674,1,ethereum
2025-01-15,3224.8006483414138,22365842880.809456,388487746270.3852,0.028791549078037715,-0.017904382338435054,0.0017731093381130325,0.03423708485437876,0.025972803185861072,0.9090642245370104,0.034759676524182735,1,ethereum
2025-01-16,3447.0340476747956,23773995063.828526,415058425772.0614,0.06891384106105325,0.05605364616912745,0.054404551030186044,0.05491028744673653,0.04052514980872985,0.8115493010985536,0.05022929233801077,0,ethereum
2025-01-17,3309.4466139900196,25012556602.905136,398587196539.9218,-0.03991473010763724,0.0557957157286566,0.007874089257625672,0.05503636527504488,0.04677476215017401,1.0546049825291008,-0.05851330201718945,0,ethereum
2025-01-18,3477.284285084809,27778832363.7708,419024911827.7939,0.050714723840925346,0.07829433948831954,0.06532128700832263,0.05829317240355757,0.05091751861977295,1.0884356964514181,0.024616610678152167,0,ethereum
2025-01-19,3309.0995676199964,32195594202.134895,398761138447.4049,-0.04836668609069761,-0.04001540981234086,0.055684999311875316,0.05492761794245303,0.0532898757062465,1.1364891305125282,-0.035028216153250656,1,ethereum
2025-01-20,3208.1365439891497,59678736709.7496,388676714260.872,-0.030510724010478274,-0.03061238986983561,-0.005167483565483244,0.05281024924909562,0.0551914555556409,1.4962931629044163,-0.0203065940538664,1,ethereum
2025-01-21,3263.069869880814,49563768850.78339,393073139255.5516,0.017123125882714918,-0.061603940788744094,-0.05336883107321633,0.03385442981789931,0.04245392500432771,1.051281845569568,0.03765777281229628,1,ethereum
2025-01-22,3326.0285404709143,33762939512.697853,400135429379.4123,0.01929430661942888,0.005115885002848097,0.005010483145670985,0.02814912301027253,0.04029288820039215,0.7082864466190442,0.017589011618479516,0,ethereum
2025-01-23,3237.2996671291435,21782301388.383984,390083338462.87006,-0.026677123260406055,0.009090362190049106,-0.0690149548557295,0.02593757960947631,0.030378419450988417,0.6217060204393404,-0.029707243990422422,1,ethereum
2025-01-24,3332.580893146162,33863218042.431107,401547418905.6495,0.029432315761337646,0.021302339832486306,0.007095986399422216,0.029901005395283894,0.028103827134076786,1.136242088586677,0.022331535817175546,0,ethereum
2025-01-25,3311.8499838687,25895320216.868122,398942774193.46027,-0.006220676989446172,-0.004262908880573568,0.03232824989131777,0.02839563121755084,0.022720764022553568,0.9527245609226643,-0.004799707362588316,0,ethereum
2025-01-26,3320.1314101789453,12706329663.414034,400427749273.5654,0.0025005439106791094,0.025586677653248513,0.01748707277917272,0.018585459913115537,0.0219542524047702,0.5260340642709452,-0.006028348640403728,0,ethereum
2025-01-27,3232.2767744705584,13000445022.22209,390058879989.8578,-0.02646119230071431,-0.030098029692809725,-0.028187300517596325,0.014857771919284076,0.023305770764036355,0.7558091418643846,-0.016428515736444403,0,ethereum
2025-01-28,3173.5346079397173,41151086046.07612,382221069555.6103,-0.018173618978053918,-0.04176378054642771,-0.019696990005863002,0.014915802845230263,0.02162216861966138,1.84650326509283,-0.0042523587959113485,1,ethereum
2025-01-29,3076.4937692857234,19807794444.483303,370532757630.7433,-0.03057815673766784,-0.07338192703646351,-0.0768434831955952,0.006318040634871184,0.01382354374394813,0.8034603198643351,-0.006117514392180001,1,ethereum
2025-01-30,3114.4358854363104,22051422147.78046,375574817164.75665,0.012332908497778572,-0.03645754904561049,-0.059608405994821756,0.022082724376399406,0.018672941419747145,0.796940431979425,0.024485424846315405,1,ethereum
2025-01-31,3248.249484352305,19504592311.356525,391509879851.78656,0.042965597571531955,0.02354311064567005,-0.021650325528159153,0.03694230853060379,0.031162175958896674,0.953555165162139,0.03511789402297527,0,ethereum
2025-02-01,3296.390634843652,31441846706.254246,396910231325.1062,0.014820644388079174,0.07147645405730252,0.019835510646700527,0.01701317557780777,0.02911952035290932,1.2921685459393035,-0.009004840297688332,0,ethereum
2025-02-02,3125.0386801320924,18969060074.552986,376840076476.98303,-0.05198168957899829,0.0034044029435194023,-0.015281360942557609,0.04876760801733214,0.03815743782357323,0.8139422726374732,-0.053116490560171425,0,ethereum
2025-02-03,2862.6976188716285,38896518795.21238,344091054313.7205,-0.08394810052379098,-0.11869527489744369,-0.06949344495624721,0.050397864081073905,0.05268056159937895,1.306605308942754,-0.04438300889130975,0,ethereum
2025-02-04,2877.8138239498767,96588727629.45805,346820394641.11206,0.005280405788791187,-0.12698034221712584,-0.07597589746281919,0.045207899998001275,0.05191615569921312,1.8760641218497272,0.047607186527833134,0,ethereum
2025-02-05,2740.3809762760143,52737830809.63367,329090090858.6241,-0.04775598981772633,-0.1230889416830575,-0.1563514473019485,0.04487845525242893,0.04160996161023987,0.8405637329579596,-0.006726342590040492,0,ethereum
2025-02-06,2790.5521609256075,30026391038.27177,335828291113.4543,0.018308105728340074,-0.025201913562375555,-0.15345222394797775,0.03499296344735075,0.04262292970667301,0.5022452843809206,0.026708743582465257,0,ethereum
2025-02-07,2686.662316793651,31349967107.97825,323756512126.7498,-0.03722913536133188,-0.06642247165727533,-0.14027869994873532,0.035495691130328896,0.04138834043871666,0.8241735947516066,-0.015088311475573435,0,ethereum
2025-02-08,2623.4507017824767,30948837988.08186,315636240722.9841,-0.0235279344992686,-0.04266934981151327,-0.08357393931932433,0.028931995883568797,0.028021600728735843,1.0056465391002818,-0.009304817895430842,1,ethereum
2025-02-09,2635.6011418023404,16335613332.591795,317758860998.56256,0.004631472591273944,-0.055527010493819584,-0.08416551485429058,0.021342389786975887,0.027893905769804047,0.623223786442081,0.023140476089213807,0,ethereum
2025-02-10,2632.5358220552475,17155535243.908037,317369673472.60657,-0.0011630438682375122,-0.020146370610133024,-0.039354073449787585,0.014870087209049575,0.022325242093645562,0.7986749916551321,0.005552413001806829,1,ethereum
2025-02-11,2660.2967996436387,18843420567.42921,320711545303.1932,0.010545337068468719,0.014044898132115513,-0.04667727165464053,0.0058542918474855064,0.02022740881691133,1.0801705761027613,0.005863704357763548,1,ethereum
2025-02-12,2603.0333698049267,21212910085.211273,313943237177.0695,-0.021525203445864616,-0.012356866705233838,-0.031127450020786318,0.016228695242816466,0.015477539401825436,1.1123344652087814,-0.017406247877453335,1,ethereum
2025-02-13,2736.2703136032396,26503660438.845695,329492522913.44,0.05118526152751457,0.03940477872282311,0.043004281248398835,0.03643929825880172,0.02662607812829386,1.194576201298613,0.03805033528657353,0,ethereum
2025-02-14,2675.7090007037627,18938191215.29619,322584072350.2765,-0.022132796090502893,0.0057934141266451356,0.015217727092800892,0.04215589808149776,0.03011850028380694,0.8523708158774362,-0.02406393413271794,0,ethereum
2025-02-15,2724.6698335873957,17416785872.704834,328399065363.05505,0.01829826519653488,0.04672873778471165,0.03499819860389142,0.036723659080010476,0.030637349483727275,0.8312359235562264,0.0027220192682976627,1,ethereum
2025-02-16,2692.8213863864253,8896321414.559013,324625278431.52954,-0.011688919812731124,-0.0158788870386124,0.012225924095064622,0.020987998686874867,0.03164101241184524,0.5897944396483372,-0.006395957466526991,0,ethereum
2025-02-17,2659.9017474093457,8757895115.47748,320529173059.00665,-0.012224961946419866,-0.005907687753137325,0.02184696449307566,0.01746990746574166,0.03008671440010599,0.749156954361212,-0.01025573269537409,1,ethereum
2025-02-18,2741.9050800956124,24666373348.432693,330464530098.92377,0.03082945930846326,0.006325627529528699,0.0020592872218654357,0.02470419361787134,0.02268989149665595,1.7485370657119672,0.02872091679862036,0,ethereum
2025-02-19,2669.4945006896073,24353300611.506603,321688672383.7524,-0.02640885708686902,-0.008662618996843618,-0.002322561987316618,0.029807971346381947,0.023814411247259526,1.2645028685640112,-0.02352131742125448,0,ethereum
2025-02-20,2714.8018364720533,13398586820.912325,327248168186.7616,0.0169722529005929,0.020639893603656034,-0.0036217221601304583,0.029861256216449784,0.023562417577190388,0.643974374804561,0.010092288366040886,1,ethereum
2025-02-21,2741.5933625994785,14550027648.522171,330517520397.0965,0.009868685724126802,-0.00011368646507747826,0.018111849697725946,0.023268152350292302,0.022969017434792273,0.8345790565797594,0.009906581212485962,1,ethereum
2025-02-22,2658.3470942919384,31770375573.3895,320508273451.5576,-0.03036419238650656,-0.004175849170990675,-0.000584477648064019,0.025527384642491345,0.027180667544981534,1.5959936136197497,-0.028972242662843,0,ethereum
2025-02-23,2764.355233404291,17576653979.14654,333381856893.82196,0.03987746345839316,0.018253043837863858,0.008187793761225137,0.035244624739107444,0.029896865732597297,0.8252330271098361,0.03379311551243854,0,ethereum
2025-02-24,2827.1844084879804,21394599890.269897,340712999974.1412,0.022728328951527432,0.03121945327710729,0.05907107422683855,0.03662148470546926,0.026057975074392906,0.9072988589088381,0.012321844525825002,0,ethereum
2025-02-25,2503.103420098605,31014455208.756138,301769340440.05,-0.11463029698961114,-0.058398572002382965,-0.07797932561020926,0.08468976027579533,0.06167341150736502,1.3294623552694296,-0.09516410632215015,0,ethereum
2025-02-26,2495.315451693047,42875934003.323944,301064649480.5458,-0.0031113250627299305,-0.09732460519552066,-0.089830211243625,0.07299721563142286,0.060655807195750276,1.349927236406637,0.029330210002443624,0,ethereum
2025-02-27,2325.853934699374,28109120496.698666,280668025121.2334,-0.0679118613555233,-0.17732499948835145,-0.12507514925590457,0.05600327792721685,0.0648853766675579,0.8267428121062648,-0.008803528192739475,0,ethereum
2025-02-28,2305.3229378029837,89259450649.58,277936135130.74036,-0.00882729417788819,-0.0790141073307431,-0.16605401869281866,0.035876565901545344,0.05580439853050482,1.6710610557207246,0.017510741599026176,1,ethereum
2025-03-01,2235.204208608959,32905594283.00643,269516471615.1616,-0.0304160115896166,-0.10423982382973063,-0.2093886051796745,0.02989703872660132,0.046500397771386925,0.6569112033796168,0.004330596353626946,0,ethereum
2025-03-02,2212.8243514969954,16103021679.018568,266823935338.2421,-0.01001244406473778,-0.048597025598251076,-0.11596766888288401,0.012136603502628341,0.026606393381008054,0.3493870003458996,0.006186564468012579,0,ethereum
2025-03-03,2517.3382391622977,37907412347.33495,303306117779.7704,0.1376132215190491,0.09196772299562017,0.008825652666202277,0.09169102635653129,0.07837269769015727,1.308415021418531,0.10695731385384237,0,ethereum
2025-03-04,2148.199533470228,33501080617.480988,259111889993.75626,-0.14663850091710728,-0.03892470978876561,-0.07638244112354742,0.14216132752264513,0.10107449843322362,1.148457346001653,-0.13366359765418542,1,ethereum
2025-03-05,2171.496943535016,35524086282.76523,261805780842.5489,0.01084508664199979,-0.01867631650655921,-0.058050866572084914,0.142402178166051,0.10159370285983928,0.9966303964439944,0.017070525477519527,0,ethereum
2025-03-06,2241.3841149187283,22236307931.758247,270490243838.00568,0.03218386817986585,-0.1096213929262837,0.0027648061353711118,0.097667687967466,0.10195440054637592,0.7309647791477573,0.06872433248862708,0,ethereum
2025-03-07,2202.3207363495417,19895800679.328133,265270135615.0983,-0.017428239233596488,0.02519375041101779,-0.0047467008126279575,0.02488669576163591,0.10227714855866282,0.7686109539563614,-0.025826156037269087,0,ethereum
2025-03-08,2140.7498089428914,21716710066.08888,257899503839.8083,-0.027957293590536336,-0.014159418774990606,-0.14959786665169195,0.032117444706239236,0.06946530483946775,1.020381137005383,-0.023237487332206135,0,ethereum
2025-03-09,2199.9995000805707,11257666715.795546,265129957012.69815,0.027677074121490675,-0.018463865502882926,0.02411320075405876,0.029553717051128654,0.02681681370970528,0.6387911251511065,0.03383169595578498,0,ethereum
2025-03-10,2017.265460184326,17577023963.685375,243298514477.01385,-0.08306094610001158,-0.08402739578793328,-0.07102542041786797,0.0553692220660237,0.04702526233552095,1.0431179178685241,-0.055051814170700486,0,ethereum
2025-03-11,1879.1231054991026,36577317615.21765,226713493940.29108,-0.06848000791755027,-0.12221264827438238,-0.16162379621074507,0.06016878662994828,0.043905961240494985,1.6775505859915076,-0.02774245849275614,0,ethereum
2025-03-12,1921.3099227587034,30046602111.893852,232024934655.6445,0.02245026796602323,-0.1266771093864616,-0.12759758783211028,0.057174491870985285,0.0507269929153941,1.0705320200055406,0.06467597109484377,0,ethereum
2025-03-13,1910.6551381032464,24499314730.70381,230443739229.907,-0.0055455835257220976,-0.052848930487977674,-0.10748321446926412,0.046570420774245024,0.05148146951384827,0.806577429230046,0.012070726636937128,1,ethereum
2025-03-14,1862.7949366490388,19212414462.181553,224658866951.8703,-0.025049105147106454,-0.008689249151522138,-0.1532748363893639,0.02387587870119124,0.04373492359745891,0.781433668128688,-0.022152688763265743,1,ethereum
2025-03-15,1910.6662703455045,12949972214.265629,230476916425.01935,0.025698659983788064,-0.0055397894359053845,-0.052843412006410406,0.025599237533885717,0.03870875716191811,0.6856468421877255,0.02754525646242319,1,ethereum
2025-03-16,1939.7856881721348,6944891086.050841,233970291611.3664,0.015240452128442383,0.015246367326029908,0.0322823887884236,0.02679539202545153,0.021446560599686436,0.5327569304282274,0.010158329686432415,0,ethereum
2025-03-17,1887.7643429692785,9486242392.181334,227688957214.28125,-0.026818088987900612,0.013404270018661846,-0.017459744204755157,0.027797793422428645,0.02353634018382771,0.9686064055720909,-0.03128617899412123,1,ethereum
2025-03-18,1929.1833577618722,11251166846.249075,232725366276.39935,0.021940776107385096,0.009691429478691393,0.009697312345449793,0.026429914073634413,0.025963926136418663,1.2193170416873491,0.018710299614487964,1,ethereum
2025-03-19,1932.7964059050657,10887619567.393353,233152161415.72287,0.0018728381253430015,-0.0036031208548894522,0.0375787306905353,0.024506184113568922,0.021266171726244565,1.0328167257246947,0.0030738784103061523,1,ethereum
2025-03-20,2060.728601068271,20374739988.65224,248434080718.19073,0.06619020750056648,0.09162386117905785,0.07853926823946655,0.032907593644476395,0.03386516178565909,1.4377593471676235,0.03564892044088053,0,ethereum
2025-03-21,1980.831780524645,14303790085.616615,238984217654.16632,-0.03877115137927811,0.026772168936130658,0.021160117121591826,0.05292375765209205,0.04174100641871105,0.9417379039991335,-0.04769520769132166,1,ethereum
2025-03-22,1964.5293833168294,9890112887.282015,236980043535.89395,-0.008230076560816202,0.01641816867768031,0.04066452501523932,0.053987688085259035,0.0389459255657424,0.6657222811886483,-0.013702799453376307,1,ethereum
2025-03-23,1979.5449257665966,6195605844.536302,238753335160.5841,0.0076433280037866425,-0.03939561728778318,0.026105122564996197,0.023590344493526018,0.03824006673714365,0.6116195442732973,0.020775200433047702,1,ethereum
2025-03-24,2001.0470230951883,7991413702.677865,241404254258.0785,0.010862141620890275,0.010205431258372144,0.03531185021950778,0.010221207761896368,0.03822405064920264,0.995726595484636,0.0074603312014328935,1,ethereum
2025-03-25,2077.739325831977,15676451247.546822,250648654235.6259,0.03832608721916109,0.05762700394127407,0.008254713772055,0.01686248687666941,0.028270589007381563,1.5748120526864853,0.019117085905403064,0,ethereum
2025-03-26,2068.598435049149,12563169733.005245,249404519198.06433,-0.004399440617589456,0.04498685941571412,0.04430797980293821,0.02165123140907393,0.0183140705532945,1.0402548403195584,-0.019395060422827494,0,ethereum
2025-03-27,2009.8835432902426,14024859854.906677,242347645799.6622,-0.028383900308573518,0.0044159482975998365,0.023086526655477835,0.03379089490663598,0.02426228081717898,0.9955068353618721,-0.02985588307444013,0,ethereum
2025-03-28,2003.3034241292064,12136188059.422693,241580699763.4796,-0.0032738808091659077,-0.03582542852095494,0.012002000082624642,0.014183524895757417,0.02443414405413831,0.9402014137469364,0.008667928697819072,0,ethereum
2025-03-29,1896.9173600459985,18419487648.39739,228784244898.24844,-0.05310531734824531,-0.08299391128518929,-0.052037589245715776,0.024915970806085798,0.03394080838232714,1.2395199440222313,-0.025440680253182208,0,ethereum
2025-03-30,1829.2745211803463,12924117064.878807,220262156018.88525,-0.035659349368815985,-0.08986044127424109,-0.11958420460282693,0.02528620322137374,0.021280168765356974,0.8917326583714013,-0.005705868944068954,1,ethereum
2025-03-31,1805.3378779435934,10056531345.160347,217784813538.97607,-0.013085320415061386,-0.0988195516471323,-0.12726518237905393,0.020064681808575527,0.019458216735468298,0.7287317605163537,0.019854530133982716,0,ethereum
2025-04-01,1824.2071367609847,17022367813.88877,219908040559.44638,0.010451926505239406,-0.03833072795709491,-0.0923816741268998,0.023057314596910513,0.02544796309431932,1.276581324663223,0.023228835824271044,0,ethereum
2025-04-02,1907.1671522994227,15899367803.5509,230031614721.63394,0.04547730017422236,0.042581160026662346,-0.047988872115851455,0.02946851235789229,0.0387900563583216,1.109819143060373,0.03128358016533491,0,ethereum
2025-04-03,1795.761850567479,23450470660.978283,216667567217.00522,-0.058414020814916534,-0.005304285415548948,-0.053326260600022435,0.05285625487713931,0.04033468928742487,1.2479804610710938,-0.05664592567640022,1,ethereum
2025-04-04,1818.2844199542053,16999031833.158594,219762279056.2319,0.012542069194536598,-0.0032467348073725866,-0.006007901547248062,0.05309253357108884,0.038458811489964655,0.9050242751995049,0.01362431413032746,0,ethereum
2025-04-05,1814.4807753449506,19459233591.298603,218925876283.93597,-0.002091886487896377,-0.0485989792990732,0.0050643691206277985,0.0374635426859588,0.03787682481516089,0.974443872270043,0.014107773278461355,0,ethereum
2025-04-06,1809.935827172196,6780827627.545529,217957146409.9286,-0.00250482024087062,0.007893015769456113,-0.007823294461027253,0.008570609224564495,0.03756112864655965,0.47046506868613364,-0.005135825497355992,0,ethereum
2025-04-07,1574.6321611455576,23485484227.161697,190295586491.21872,-0.13000663476244445,-0.13400118052751298,-0.17436069552316702,0.07373269971855452,0.05909232234071536,1.4169065829150087,-0.08533957458660679,0,ethereum
2025-04-07,1491.566846897121,44259927439.086235,179993796049.56485,-0.05275220225910149,-0.17796492133483233,-0.16939607196479278,0.06422585077598354,0.05860998925393614,1.7816514502203868,0.006569438185842623,0,ethereum
2025-01-13,188.39194289058088,1635265225.559339,91207532007.52103,0.001747774350113307,0.018273536898705256,-0.06963516994646446,0.007890801813880096,0.031039842697628578,0.5600956285747632,-0.004343404616121778,1,solana
2025-01-14,183.11428850097792,6287216536.189147,88705877704.07474,-0.02801422560129474,-0.02505497455755179,-0.0726139732622979,0.017053756987379144,0.031345269397325515,1.786711166628355,-0.019662567415444143,1,solana
2025-01-15,187.70452520232413,3315788782.9493647,90966038336.3823,0.025067605258568992,-0.0019074729428137926,0.014557989248376701,0.026605989056794958,0.02001088812890735,0.8851331981450831,0.025703429572840258,1,solana
2025-01-16,205.75854800567018,4804084650.374077,99617521322.55345,0.09618320487418108,0.09218337498210283,0.09550857261102252,0.062316545439171395,0.04694464057182111,1.0003584333561162,0.06545541321348014,1,solana
2025-01-17,211.23399374041628,7068314924.706724,102762327812.58186,0.026611024367236613,0.1535636867534136,0.12320718099631334,0.04062039502459307,0.04587620422636384,1.3961470765477357,-0.024576871217234585,1,solana
2025-01-18,219.77905400813702,5970704168.89648,106975781135.88028,0.04045305453165704,0.17087775998602162,0.16660537938071984,0.03682784217763312,0.04435573883073429,1.0038675313276395,-0.016506198797016834,1,solana
2025-01-19,262.5615764589647,25509863876.61015,127785165817.10095,0.19466150968710472,0.27606643322409696,0.4338672236250012,0.09328523914741786,0.07208173993916457,1.9852609396999832,0.1026393652790724,0,solana
2025-01-20,251.97488550305266,27745408600.276928,122020537308.0902,-0.040320792930516935,0.19287090605644908,0.3424017627249656,0.11938826339493606,0.08795204264087073,1.405400645373006,-0.1046110949493333,1,solana
2025-01-21,242.47150410221352,24105137275.239193,118038765211.23405,-0.03771558971786504,0.1032511955995421,0.17842736767141076,0.13492132643082902,0.09557403774978744,0.9347857910451407,-0.0721326549177124,1,solana
2025-01-22,250.3984908388754,12579840532.32276,121552327585.60405,0.032692446751682036,-0.04632469755905133,0.18540811734397278,0.04142264246392804,0.09545156209405045,0.5857410408511335,0.04813401260469915,1,solana
2025-01-23,256.1143343782641,10328230618.34812,124606314246.36227,0.022826988773932744,0.016428021653615676,0.16532640261879483,0.0381226587719239,0.09566145097553416,0.6590635460218448,0.01735098155606085,1,solana
2025-01-24,253.49503131499628,10816185398.469212,123417388987.169,-0.010227084983846724,0.045463186503498676,-0.03453111939014197,0.02247956574866939,0.033646167987438774,0.9621726174489981,-0.02538148048501295,0,solana
2025-01-25,253.62637885441316,8592029753.25568,123361234528.28262,0.0005181464060084462,0.012891004273723139,0.006554198241080167,0.016860784073321953,0.02785717787759491,0.8668180945050366,-0.0037788550185659337,0,solana
2025-01-26,257.0742996969564,5803289041.239068,125148284070.78894,0.013594488310391561,0.0037481905142977556,0.06022479073906806,0.011929781147996777,0.017130009426284915,0.6905524950223303,0.01234509147229231,0,solana
2025-01-27,241.06731630326192,4718944732.494511,117303806305.96823,-0.062265980740057625,-0.049025477727378086,-0.03726529862201866,0.040553766992409486,0.033297845945577144,0.7406424096588468,-0.045924154830931596,0,solana
2025-01-28,234.97914713600687,12684970731.866884,114276592039.16579,-0.025255058465064373,-0.07352244590106372,-0.0825224690900821,0.03793394789380188,0.029178601624812627,1.6397887210593192,-0.0007475764980431343,1,solana
2025-01-29,226.88945614638288,5786086231.183104,110398046173.44064,-0.03442727190145789,-0.11741680746055105,-0.10495501639853821,0.019274039434641295,0.02983068618799219,0.7485233904439238,0.004711663918725795,1,solana
2025-01-30,228.6145425527223,6211589569.140341,111355015372.82307,0.007603202174482959,-0.05165683155021339,-0.09861685686900956,0.022099606114994782,0.03127534440564817,0.7549744993154662,0.024822146024554088,0,solana
2025-01-31,239.04719726337646,5322441765.57196,116559779515.8497,0.04563425665822729,0.01731238783080169,-0.07012409429814892,0.040047409844472935,0.041521576337449774,0.9218947409546878,0.03986346071462673,0,solana
2025-02-01,231.50782299297455,4767010236.438659,112643737226.91638,-0.03153927072441354,0.020355140891219037,-0.03965487091689179,0.03858809751392599,0.03416692727593082,0.8773077871677515,-0.03832431768815322,0,solana
2025-02-02,214.46366422580272,4126022505.958027,104469275144.33444,-0.07362238799027132,-0.061898417173772535,-0.08730767457560695,0.06048262750618202,0.04541254614645837,0.8707459966204725,-0.05298958226568047,0,solana
2025-02-03,202.32492853599265,9577730751.60321,98398368500.85646,-0.056600430350894015,-0.15361932349670715,-0.10826650135095683,0.021169150205399483,0.04848547544817714,1.5556039285622065,-0.0053939891853249655,0,solana
2025-02-04,215.95147229807475,17185125725.03428,105205583844.172,0.0673498014341718,-0.06719578843507112,-0.055390484407732865,0.07694864650376611,0.06277183325340183,1.6690595085743305,0.0897483975791955,0,solana
2025-02-05,207.42406393975517,8488460261.020004,100802812440.85353,-0.039487613895724305,-0.03282420969286315,-0.13228824134164463,0.0671698614967712,0.055063647276877174,0.722395165337368,-0.028546210664769922,0,solana
2025-02-06,196.21787573260255,4519102616.629987,95550201539.32951,-0.054025497303954895,-0.030184381369019908,-0.1524352257480428,0.06627914014747716,0.05645033719960609,0.449026187375862,-0.04396403684761493,1,solana
2025-02-07,189.38932513491977,4544519196.979243,92031851837.88425,-0.03480085885237305,-0.12300053748414186,-0.1169164911053785,0.010024157906624833,0.0516343956824597,0.7767487374414936,0.006199320309007571,1,solana
2025-02-08,192.2709679394336,5321325630.808724,93773950310.2403,0.015215444706088821,-0.07305370318422977,-0.04969214950084855,0.03574335694849338,0.050095015096053165,1.1097695667022376,0.03956667910083207,1,solana
2025-02-09,199.70939394589394,2738591550.9889145,97430610890.80075,0.038687203201699605,0.01779408833295837,-0.07521170464520888,0.037534538168180746,0.039717522151760644,0.6518161071287816,0.03275584042404681,0,solana
2025-02-10,200.44634668796408,3575183754.783349,97797330676.8804,0.003690125574512537,0.05838249618962088,-0.03363986376150507,0.01783513325996522,0.037671518665965305,0.9218270922453884,-0.015770706488694424,0,solana
2025-02-11,200.0458466193684,4877446867.21056,97602797576.9777,-0.001998041247512128,0.04043709127414363,0.019508777538609356,0.02203194574600953,0.026788250164811428,1.3074837024463868,-0.015477071672226672,0,solana
2025-02-12,197.92915264031842,4610068875.979272,96650663515.04695,-0.010581044369681214,-0.008914159070843808,0.045091387802955296,0.007184351930485108,0.019056040549296757,1.0587556293462712,-0.007609658012733278,1,solana
2025-02-13,196.60301392852935,4991943969.554793,95802342588.48465,-0.006700067645916574,-0.019173872824021387,0.02253094180323867,0.00429804170867081,0.019776584330706816,1.0342811269044005,-0.00030877670457611205,0,solana
2025-02-14,194.2631701900725,3243643748.254954,94843692266.1009,-0.011901362505599589,-0.028906755761336722,-0.027270743995632785,0.002703660744490256,0.006421773915346608,0.7575269643647369,-0.0022657772518206807,0,solana
2025-02-15,199.65011966060425,4307573002.935994,97468827982.87822,0.027730163495535587,0.008694863779936446,-0.003972270088809959,0.02153737889441605,0.016348279619403445,1.0302601789542944,0.024831875568890105,0,solana
2025-02-16,194.4254509858272,2126185023.7187572,94916725048.10495,-0.026169123683265183,-0.01107593876202606,-0.028095537740582266,0.027926570444006597,0.019998050571655573,0.6591185547027458,-0.022477144095923163,0,solana
2025-02-17,188.165584495931,2477404625.155988,91860796549.96172,-0.03219674408960238,-0.03138827441236258,-0.04932860073488021,0.03299671604585164,0.023409878184257864,0.8340341396369582,-0.021733985952148184,0,solana
2025-02-18,177.91997195388805,4953743554.608888,86934660078.68405,-0.05444998121994249,-0.10884114541807643,-0.09502927549947482,0.014896004349891117,0.03047769971671884,1.5549557964987315,-0.018169599413917013,0,solana
2025-02-19,169.10718217289786,7430021942.540908,82487856965.56555,-0.04953232447268041,-0.13022095967659575,-0.12949437607015934,0.011689826473485179,0.032727149404872265,1.4998863241708393,-0.006125337913815164,0,solana
2025-02-20,169.26443436615673,4126508611.428817,82688920914.07486,0.0009298965971658024,-0.10044955978750192,-0.15219467609687254,0.030652759446809296,0.021962454741523998,0.7498074079735685,0.03441308319299977,1,solana
2025-02-21,176.02074183930708,3748737861.764053,86011244818.54909,0.039915694625694,-0.01067463137344249,-0.0946620365451114,0.04484654636246876,0.03946934149895764,0.7347936200668705,0.04347390508350816,0,solana
2025-02-22,169.00123201382314,5320752621.586434,82609623068.92926,-0.03987887877379925,-0.0006265266661850122,-0.10184834029796919,0.03990075717578589,0.040250035682104744,1.2096285965247153,-0.039670036551737585,0,solana
2025-02-23,172.21280391506767,2446840289.512584,84180442889.18811,0.0190032454969431,0.01741871858640409,-0.03207716354799972,0.04137553429907752,0.038158354791385206,0.6374010102102017,0.013197005968141735,0,solana
2025-02-24,168.09302650361454,1845951247.1170418,82111049206.9718,-0.023922596449244993,-0.04503852928270191,-0.00599711766379285,0.030453066104650085,0.03207312600703083,0.5760470488522474,-0.008909753355011022,0,solana
2025-02-25,141.16593031186233,8204544974.98999,69785445476.4441,-0.1601916316925449,-0.16470472652935497,-0.1660035917144359,0.09356163911550902,0.07798792272820203,1.9695104554546494,-0.10529005618275991,0,solana
2025-02-26,144.3563354963687,10792855904.5099,71703011109.95712,0.022600390742002485,-0.16175608192546065,-0.17989019937119377,0.09499698396006118,0.07423390676741963,1.5534242053216727,0.07651908471715604,1,solana
2025-02-27,134.6628545613439,5565468106.450874,67080997138.50677,-0.06714967446142084,-0.19887899360031924,-0.20318418418198636,0.09140095137645733,0.07553665303710104,0.6797416184934454,-0.0008566765946477622,1,solana
2025-02-28,137.60648163669737,4247821646.488742,68562002291.54892,0.021859235681154665,-0.02521464398174167,-0.20095092520203972,0.05160460186135215,0.0761211704824165,0.6184303047891551,0.03026411700840189,1,solana
2025-03-01,148.17466304440643,8773643463.195835,73865234147.56163,0.07680002629244398,0.026450709869493494,-0.1184960725231502,0.07264364265014275,0.0932826646410345,1.4160986152754946,0.06798312300261282,0,solana
2025-03-02,143.4002225931321,3750217492.258566,72725965137.73221,-0.03222170614853015,0.06488328247793085,0.015827418672011095,0.05451143134947419,0.0555390531991192,0.6708123891798559,-0.0538494669745071,1,solana
2025-03-03,178.17413183106032,13105437774.765995,90446325718.02034,0.2424955039058192,0.29480915224231885,0.23426610420948446,0.13832948284560875,0.12148622934981752,1.5340378111063475,0.14422578649171292,0,solana
2025-03-04,142.5141267061424,10365994673.49476,72549477478.20894,-0.20014131545610514,-0.03820178309815103,0.0583031762572801,0.22345539992911895,0.16117366054412707,1.1423989393896017,-0.18740738775672147,1,solana
2025-03-05,145.06190940041165,8959390661.47582,73677404621.18243,0.01787740452932529,0.01158775612220797,0.05417933570453304,0.22132660884103492,0.16118287437536333,0.8287847611354008,0.014014819155255967,0,solana
2025-03-06,146.1815871653316,5058439503.511892,74254605878.29288,0.007718620067445281,-0.17955774127785928,-0.013450854809621049,0.12304546311674325,0.1581318495445959,0.6223518505015685,0.06757120049339838,0,solana
2025-03-07,143.45134750836067,4945954333.278534,72855104265.59047,-0.018677042094795593,0.006576336142105843,0.00035651907859035603,0.01886866649025029,0.15740319015332246,0.7824315342326394,-0.02086915414216421,0,solana
2025-03-08,139.1826626278542,7016301953.403862,70789658072.88582,-0.029757021838067277,-0.040529225051967877,-0.21883911431192904,0.019252362055622505,0.08905907948985878,1.236665417188055,-0.016247280154077982,0,solana
2025-03-09,136.88210638232243,2514068553.482356,69641393306.39473,-0.01652904321627313,-0.06361595166217093,-0.03951903193030781,0.007098817609433842,0.01985413540324254,0.5210027920568018,0.004676274004450514,0,solana
2025-03-10,126.63426805755283,3801194130.62927,64443868119.22886,-0.07486616472825591,-0.11723193781660157,-0.12703294351374728,0.03058603694773672,0.03033725585918049,0.8553821477036337,-0.03578885212272206,0,solana
2025-03-11,118.78644366084116,5864031854.074184,60550984692.33613,-0.061972359591836446,-0.14654281346483744,-0.18740488481293127,0.03064464325242202,0.026496498832379617,1.4444264819334125,-0.013124755103557297,1,solana
2025-03-12,125.4287680235315,6029007255.049647,63868692267.70004,0.055918202094302094,-0.08367301367207824,-0.1256354840708538,0.07207517528102927,0.051221962880442104,1.152462913532785,0.08380920665166151,1,solana
2025-03-13,126.56536487567297,4689543463.448166,64342608562.247406,0.009061691907300107,-0.0005441116605857665,-0.09065279765424006,0.059357046133209565,0.053303866330802196,0.8483980302087784,0.009243062460828696,1,solana
2025-03-14,123.23770752728635,3271148359.248695,62750805255.11328,-0.026292006123914136,0.03747282711110067,-0.09967993053033686,0.04123900832680418,0.05342994399068372,0.7014764951846884,-0.038782948494281023,1,solana
2025-03-15,133.5545345544276,3701658672.5857406,68090655259.91155,0.08371485671183043,0.0647839140807922,0.05464766056632975,0.05616120970144333,0.05920011290776932,0.9522073635369787,0.0621202186848997,0,solana
2025-03-16,135.83808085318316,2173510694.828497,69171954733.32257,0.01709823111865183,0.07326424560636258,0.14354868002469878,0.055410584675297976,0.042745325676221024,0.7129133580694592,-0.00732318408346903,0,solana
2025-03-17,126.16514527624146,2798721596.9139237,64335280377.63734,-0.07120930681725712,0.02375439958834802,0.005870880056573657,0.07771474817874144,0.05725830819451617,0.9679813621443304,-0.07912744001337313,1,solana
2025-03-18,128.27980954134415,2835104845.2985606,65460614429.259926,0.016761081362626662,-0.039494915172152645,0.013545922830904944,0.05088733326801373,0.05758235763214661,1.089400186850294,0.02992605308667754,0,solana
2025-03-19,125.34406014353017,2936759432.6961746,63883571506.45802,-0.022885514160884357,-0.07725389407551453,0.017091786746986193,0.044056461254887415,0.05715268315529045,1.0279668655886867,0.0028657838642871525,1,solana
2025-03-20,135.62276169425357,4227937432.462337,69135638972.75473,0.08200389822184917,0.07496219655043745,0.01548601211277556,0.052962670058457284,0.05656337652794726,1.268406380910853,0.05701649937170335,0,solana
2025-03-21,127.67626424914864,2856454079.9876003,65205449286.37338,-0.05859265322305862,-0.00470491259967909,-0.0600848933728384,0.07308006897483649,0.062152347571121064,0.8551275484093467,-0.05702434902316559,1,solana
2025-03-22,128.23973822410704,2682481813.177558,65399367439.38751,0.00441330249026417,0.023101837273031167,0.016443471319461667,0.07042423976578427,0.05217211224759221,0.8239530882843358,-0.003287309934079552,1,solana
2025-03-23,128.39187391771924,1633225353.201732,65538073389.8455,0.0011863381485255342,-0.05331618148903028,0.000873593255055205,0.03548166560261776,0.051707991876577326,0.683151966513185,0.01895839864486896,1,solana
2025-03-24,132.10106868785385,1946961909.8583128,67460845086.99793,0.028889638081859292,0.03465643723778289,0.05390768845836247,0.015149131603557678,0.05084963134446982,0.9326511840992795,0.01733749233593166,1,solana
2025-03-25,140.57936877383233,4982998048.548014,71815757431.57007,0.06418040497471034,0.09622314206662685,0.03654701480532352,0.031573099072848984,0.04496244417765206,1.7457282076308134,0.03210602428583472,0,solana
2025-03-26,143.93305133739045,4141256445.109851,73627601377.65034,0.023856150392548736,0.12104486791454483,0.1273281857348063,0.021972785189149188,0.025205257963648378,1.122168412441456,-0.016492138912299538,0,solana
2025-03-27,137.09334253160864,3544853266.965955,70000923888.07939,-0.04752007090955779,0.03779132064064683,0.06903947582947634,0.05656501685044418,0.04118785293937639,0.8394087414703801,-0.0601171777897734,0,solana
2025-03-28,138.37897933357002,3091328527.031395,70778661497.74887,0.009377820820620553,-0.01565229278986413,0.07778611769660038,0.037730529367034055,0.04070494502848381,0.8604999978048994,0.014595251750575262,0,solana
2025-03-29,129.44621681849003,3970975243.7690816,66247008410.83447,-0.06455288627000988,-0.10064981173047005,-0.020097126357373152,0.038715277633347124,0.05281676174121631,1.1231026078799125,-0.031002949026519865,0,solana
2025-03-30,124.50189658068513,2655617262.6764107,63588827540.6773,-0.03819594237147805,-0.09184578709954783,-0.11436580156376319,0.03746932275619788,0.038084730612703205,0.819810303107479,-0.00758068000496211,1,solana
2025-03-31,124.5806499329744,1878569311.0322552,63769548570.98089,0.0006325474105386419,-0.09971405676677236,-0.13445418703069456,0.03279095625967538,0.031772687943623146,0.6626220704602733,0.033870566332796094,0,solana
2025-04-01,124.86617842858315,3728330337.9255114,64041752306.38457,0.002291916888877754,-0.03538178637023448,-0.08918860593253353,0.022911685058444726,0.0319510806352239,1.3537026469534141,0.014085845678955914,0,solana
2025-04-02,126.80693682115113,3477738068.3977413,65013471543.10781,0.01554270673605962,0.018514097405513796,-0.08362572529548618,0.008171595007016788,0.033363731466991016,1.1484458191724436,0.009371340934221688,0,solana
2025-04-03,118.08550586157003,6220758262.820647,60554316318.78751,-0.06877723867647578,-0.052136058648745376,-0.08776394734540627,0.04534361678472415,0.0348919924333495,1.3899244585728951,-0.05139855246022733,1,solana
2025-04-04,117.1929518844708,5474729959.575941,60114820903.14578,-0.0075585396411440575,-0.061451600751127544,-0.058705488807374695,0.04357225778354024,0.03303374665265777,1.0824454578056653,0.012925327275898457,0,solana
2025-04-05,122.71307466195722,6141157658.850645,63119906836.25052,0.04710285634692579,-0.03228421300774653,-0.0149908936261125,0.0579709607556169,0.042505774702326284,1.032900081058495,0.057864260682841305,0,solana
2025-04-06,120.16838205477265,1955824996.8725355,61612075005.753624,-0.02073693136770094,0.017638711694594855,-0.03762264876631416,0.0359716902972063,0.043129657800934786,0.4323312139695117,-0.02661650193256589,0,solana
2025-04-07,105.76515013740064,4396294752.456149,54407017309.8724,-0.11985874879140035,-0.09751270501604681,-0.16593561213002006,0.08396780045242452,0.06331253493902979,1.0556784922372495,-0.08735451378605141,0,solana
2025-04-07,100.15423422863887,7895823979.508679,51666862846.40183,-0.05305070622480623,-0.1838340412825783,-0.1518498947191007,0.05055134236014026,0.06151592971960379,1.6625186335192623,0.008227307536053198,0,solana
2025-01-13,0.3358234445663888,1480721033.6651137,49524696077.13902,-0.01654502399512392,0.04542481491661943,-0.03776679110861647,0.02900797631909764,0.03975737733861219,0.7129831344844765,-0.0316866289673304,1,dogecoin
2025-01-14,0.33821090679385296,3781697203.425277,49922840840.83987,0.0071092780033472636,0.012039795483439475,-0.012406416602532166,0.01934699428325505,0.03953274903758285,1.6825084024652113,0.003096012842200772,1,dogecoin
2025-01-15,0.356394690318903,3174234902.468615,52610149481.84014,0.05376462780998792,0.043697625305466614,0.10946349694251034,0.035776376762632414,0.027613535435292366,1.1287301433259596,0.03919875270816572,1,dogecoin
2025-01-16,0.38697448017199143,4356121532.863304,57131408143.3226,0.08580315780160919,0.1523152609897389,0.15795666521565455,0.03957254053698371,0.040111229889643246,1.15526013365206,0.035031404138362886,1,dogecoin
2025-01-17,0.3776524144889539,4283602033.717316,55743616778.120766,-0.02408961355512207,0.11661808328121559,0.10595061851316023,0.05651573748232084,0.047192178910016945,1.0877646247715442,-0.06296230798219393,0,dogecoin
2025-01-18,0.4149142593534293,6526718816.983121,61244297671.26678,0.09866703729380033,0.16419876789455778,0.23551308304029095,0.06746739449504066,0.052029181765504647,1.2910184178834765,0.04393411466228107,0,dogecoin
2025-01-19,0.39642227480400194,6516773074.938818,58536938748.50718,-0.04456820688265539,0.024414515985166307,0.17211558480469136,0.07746494184103286,0.06481389498672374,1.1283091849515197,-0.052706378877710826,0,dogecoin
2025-01-20,0.3578609618648825,8685239181.345173,53114100438.14036,-0.09727332541589606,-0.052406530091575365,0.00411417898697497,0.10139591578945971,0.0852310994460702,1.1991366387746363,-0.0798044820520376,1,dogecoin
2025-01-21,0.35358407263326513,8045403576.875606,52298785127.16677,-0.01195125953199716,-0.14781412144219008,-0.08628581275924418,0.043053357787701335,0.07185355998102728,1.0382319868946235,0.0373201142820662,0,dogecoin
2025-01-22,0.37151241373320587,9146197049.337523,54779528127.728516,0.050704606026007015,-0.0628366836427442,-0.01625833840902835,0.07427772278117628,0.07728759524716936,1.0603532483900175,0.07165016724025508,0,dogecoin
2025-01-23,0.3632014802889421,2857875569.671739,53654160594.06796,-0.02237054035624253,0.014923445117425382,-0.12463485623529169,0.03952698639432805,0.053653232103734155,0.4276234763068246,-0.02734502206205099,0,dogecoin
2025-01-24,0.35227019866787745,3050289092.7539253,52062251611.452805,-0.030097018361181727,-0.003715874291516541,-0.1113763755024968,0.04458807386277997,0.05272218319155768,0.6078548830875682,-0.02885839359734288,0,dogecoin
2025-01-25,0.35057447566433303,2039182933.8261669,51740284666.89068,-0.004813699853001618,-0.05635864992632256,-0.020361221192102597,0.012956255282057952,0.03191620383053817,0.7697598132443192,0.0139725167891059,0,dogecoin
2025-01-26,0.3543296524535725,1469045352.756256,52360301301.213425,0.010711495131308313,-0.02442673919806626,0.002108635196022224,0.020597785672063797,0.032061336185097364,0.6719713928263955,0.018853741530663735,0,dogecoin
2025-01-27,0.33592378142649937,1173608165.9973679,49680007303.28259,-0.05194561307421153,-0.04640306589428411,-0.09579392502416828,0.03263015510196746,0.023986820652336968,0.7520178318172677,-0.03647792444278349,0,dogecoin
2025-01-28,0.33346281138571465,4457663415.539809,49219227830.56187,-0.0073259774295652,-0.04881035405156653,-0.0818792612837621,0.032254652145397245,0.024506528044823207,1.8834356790511628,0.008944140587623644,0,dogecoin
2025-01-29,0.31904612732195853,1956202115.5722096,47097370342.269455,-0.043233258916780426,-0.09957824553291417,-0.09431416983768981,0.023650757083821528,0.026890772542517538,0.7734598604213153,-0.010040510405809035,1,dogecoin
2025-01-30,0.32444430413016984,1934033691.4906538,48012616608.513885,0.016919737761818432,-0.034172862807098525,-0.07453529377644208,0.030264309503548123,0.031228725970718768,0.6950372686294847,0.02831069203085127,0,dogecoin
2025-01-31,0.331229318699267,1308041183.689841,48955740100.618385,0.020912725181869485,-0.006697876375378553,-0.0651944695972978,0.03593752503520624,0.033571741932233605,0.7548892754368814,0.023145350640329004,0,dogecoin
2025-02-01,0.3286011882787202,1721046773.5653727,48569151202.70262,-0.007934474009931858,0.029948838548726098,-0.021798376752856785,0.015630294796447654,0.025612412377646197,1.0403009811377062,-0.01791742019284056,0,dogecoin
2025-02-02,0.3082767330501114,1498500264.8733947,45592933619.63728,-0.061851435580840275,-0.04983157624974632,-0.0755288970033623,0.04201012963759641,0.03657417838975383,0.9929129094930499,-0.04524091016425817,0,dogecoin
2025-02-03,0.26495513491451017,5297256819.371471,39074055212.59578,-0.14052827700285497,-0.20008549981328527,-0.16953972411915097,0.0666810826663127,0.0678424336245881,1.865931248791299,-0.07383311039842655,0,dogecoin
2025-02-04,0.28474455087156375,10665819818.499647,42112437795.60443,0.07468968647631158,-0.13346463424824007,-0.12236230611303378,0.1088977312228395,0.08219015402910237,1.8324495911059302,0.11917789789239161,0,dogecoin
2025-02-05,0.2646612964531275,4185863884.406833,39121648133.2827,-0.07053077699630828,-0.14148144157831732,-0.2009726147055797,0.10977811319694597,0.08014033427664553,0.6232383106861636,-0.0233702964702025,0,dogecoin
2025-02-06,0.2563093131836389,1748873845.3140545,37875608481.94618,-0.03155725216122707,-0.032631266926232194,-0.2199988243309795,0.07516241372202168,0.07836326581718041,0.3160509230308691,-0.020680163185816336,0,dogecoin
2025-02-07,0.24769940269332982,1849400952.683781,36634998711.53493,-0.03359187531410657,-0.13009958597923588,-0.19650308914793946,0.021937630481785916,0.0779481717117901,0.7127574526122646,0.009774653345638727,1,dogecoin
2025-02-08,0.2466117141109805,1955547140.0705724,36425572489.014,-0.0043911635253152115,-0.06819879817729091,-0.06923217702290729,0.01630346400881581,0.05440990564206775,1.0563250830926179,0.018341769200448426,1,dogecoin
2025-02-09,0.2531578984892705,947251264.8896627,37467768586.07184,0.026544498917614456,-0.012295357727054257,-0.11092978701650602,0.03007235797620064,0.03621153516939274,0.5979870752050762,0.03064295149329921,0,dogecoin
2025-02-10,0.24934929346601817,1210322937.821886,36877324693.481384,-0.015044385523739656,0.006660858906999634,-0.05785508947592255,0.021603015448492795,0.024498816723674557,0.8827769741919804,-0.01726467182607287,1,dogecoin
2025-02-11,0.2548535882592439,1302577373.9580026,37702629308.77336,0.02207463561141343,0.03342044873243277,-0.0056795631275091685,0.022830669128332502,0.025308315314946515,1.1293528723488055,0.010934486033935839,1,dogecoin
2025-02-12,0.2531467447359887,1681519859.8011022,37524755444.79603,-0.006697349387598139,-4.4058484243936213e-05,0.021991744765743615,0.019473579807324164,0.01858254650980352,1.2026834158347737,-0.006682663226183494,1,dogecoin
2025-02-13,0.26404355183974915,1931125154.46359,39019744666.11137,0.043045416661884994,0.058930419130036826,0.07068535974298418,0.024973130737200245,0.024177240501514194,1.1786598867372116,0.023401943618539384,1,dogecoin
2025-02-14,0.2623153388562416,1479090094.109654,38837304059.83588,-0.0065451815485213505,0.02927857774326248,0.036172840830242636,0.028675173234497982,0.024407421413943406,0.8714652643714731,-0.01630470746294218,1,dogecoin
2025-02-15,0.27198537773510917,2264906099.4838147,40240694263.196144,0.03686417622786098,0.07441783625844223,0.09078062325520841,0.027024086499291496,0.02351510703201468,1.1972815877809715,0.012058230808380237,0,dogecoin
2025-02-16,0.2716411696946587,1562393659.5496552,40217862491.33837,-0.0012655387701970833,0.028774108672498855,0.06587147369625401,0.023685868277159867,0.024727004551264833,0.8833088235823109,-0.010856908327696702,0,dogecoin
2025-02-17,0.2654573454413017,931181654.4444188,39283644109.89832,-0.0227646798175255,0.011977975053841572,0.04863029433047594,0.030198478727930095,0.028669559234066413,0.5870664862577456,-0.026757338168806027,0,dogecoin
2025-02-18,0.25808675861016434,1334819066.6629684,38181261511.72696,-0.027765616426564943,-0.051100611513317906,-0.022559889033760827,0.01407998904198247,0.025496654915046154,1.0459886839823551,-0.010732079255458975,0,dogecoin
2025-02-19,0.25084961511077464,1568385561.1678038,37105544732.75667,-0.02804151417284173,-0.07654051338114554,-0.0437096961064507,0.0029701421780636505,0.027688973339343496,1.2270951169561175,-0.002528009712459884,0,dogecoin
2025-02-20,0.254536611908942,1002221875.0777956,37664544800.29522,0.014698036497043043,-0.04113931567500917,-0.06415332313621946,0.02459643311080792,0.019003252836996033,0.7698687001263933,0.028411141722046097,0,dogecoin
2025-02-21,0.25489783180588915,1128230681.7987843,37726962768.86737,0.0014191274655466213,-0.01235602640541511,-0.06163770354688891,0.021874368647178313,0.019451325447972498,0.9150689858213841,0.005537802934018325,0,dogecoin
2025-02-22,0.23944458984135766,2027962912.4843552,35481966450.88804,-0.06062523896358407,-0.045465588075072505,-0.09799222378533123,0.040206609441683645,0.02931762983575849,1.463030517820778,-0.045470042938559906,0,dogecoin
2025-02-23,0.24678169113005893,926901594.978119,36553261422.55376,0.03064216774980144,-0.030466818587407407,-0.04380336109060723,0.046606918329853746,0.036288732295486306,0.6810286451924379,0.04079777394560391,0,dogecoin
2025-02-24,0.2431098393793032,695340046.2485528,35993016889.55571,-0.01487894719394156,-0.04624595016391819,-0.030854245991382423,0.045633749653411215,0.03495904025290252,0.5714803398140738,0.0005363695273645028,0,dogecoin
2025-02-25,0.2101870624303527,2386904163.7483587,31057933809.529675,-0.13542346551257411,-0.12218913540869447,-0.174236425738451,0.08581078734948033,0.06476619363780366,1.7860943052655254,-0.09469375370967595,0,dogecoin
2025-02-26,0.21132376439777223,3294992146.5006976,31297049624.810658,0.005408049164758566,-0.1436813507919421,-0.17094718734720205,0.07613152943452624,0.06536069859492578,1.550040783642985,0.0533018327620726,0,dogecoin
2025-02-27,0.2025677647833549,2010954339.9928348,30005439354.273045,-0.041434050918835674,-0.1667644333090691,-0.15400984871880063,0.07171902109648327,0.06402778032576341,0.7842168390190714,0.014154093517520693,1,dogecoin
2025-02-28,0.20687435148382985,1358019956.56816,30625263535.15811,0.021259980358083297,-0.015760774750922413,-0.16171110370257213,0.03259858795651189,0.06186556964451987,0.6113566003841839,0.0265135719417241,1,dogecoin
2025-03-01,0.202090703165187,2576697271.018344,29923842132.369896,-0.02312344804627342,-0.04369154249593021,-0.16872676284450006,0.03223793948190194,0.06136926859713877,1.3001208904988644,-0.008559600547630017,0,dogecoin
2025-03-02,0.2063643318249469,1157646034.496794,30553755358.248043,0.021147081943035495,0.01874220730851439,-0.01818727832819156,0.025592255627145864,0.027945687290521604,0.681989466334653,0.014899679506864032,0,dogecoin
2025-03-03,0.23984826270128182,3097274702.4251013,35490734904.304985,0.16225638694548428,0.1593910070578728,0.1349800784819366,0.0968137378383355,0.0799247457117812,1.3601205595037102,0.10912605125952668,0,dogecoin
2025-03-04,0.1992080202369079,2740809895.9767084,29478814181.84413,-0.169441471064517,-0.01426430252916111,-0.016585780812856554,0.16646285947332204,0.11878778559252325,1.1753496695917307,-0.16468670355479664,1,dogecoin
2025-03-05,0.19921021819753496,2339671816.89161,29486719912.765648,1.1033494657697318e-05,-0.03466739413805575,-0.03704728610058727,0.16586197827620797,0.11832444194020592,0.8583057619016872,0.011566831540676281,0,dogecoin
2025-03-06,0.2047254361049545,1407399493.6843045,30372562019.722427,0.027685416728727708,-0.14643769440211007,0.013037378258879517,0.10672318763965477,0.11822028533446964,0.6507823350385301,0.07649798152943107,0,dogecoin
2025-03-07,0.20179543870507013,1745673856.792128,29909473228.63224,-0.014311838605058691,0.0129885255879012,-0.022139936099773383,0.021349416885644394,0.11832283331874913,0.9534433895621275,-0.018641347134359092,0,dogecoin
2025-03-08,0.19818899754056155,1799280522.9607399,29344409114.79347,-0.017871767506992597,-0.00512634676179502,-0.17369008510436723,0.0253373886606513,0.07738037522687236,1.0899547380558763,-0.016162985253060924,0,dogecoin
2025-03-09,0.1920085565173097,920959171.3325987,28463472615.689545,-0.031184581888744622,-0.06211675417374796,-0.03614043104808862,0.008893757983992176,0.022409232425645048,0.6186589781448548,-0.010478997164161969,0,dogecoin
2025-03-10,0.16781880397573898,1740953627.9304154,24907553213.57859,-0.12598268004473012,-0.16837166859350572,-0.1575793375752872,0.058951788000163256,0.056805988430931334,1.1707317989949435,-0.06985879051356156,1,dogecoin
2025-03-11,0.1547380234116144,2314515671.2670493,22967908412.457058,-0.07794585740234217,-0.21924009237724928,-0.24416806062004703,0.04740047930704684,0.04783929194727273,1.395287213494612,-0.0048658266099257386,1,dogecoin
2025-03-12,0.16453862742792452,2372987953.769865,24423796970.680458,0.06333675330878297,-0.14306617156881096,-0.1846266274214331,0.09841253330091553,0.07081195518404461,1.107414046818703,0.11102547716505329,1,dogecoin
2025-03-13,0.17243693431666607,1624350642.4645834,25550714731.497646,0.04800275176843427,0.027518551148742132,-0.12993689631345473,0.07752307166756198,0.08088803602005547,0.7720475981969577,0.03882990138552023,1,dogecoin
2025-03-14,0.1649488685474606,1450396811.6367147,24473177707.891407,-0.04342495300603211,0.0659879511882131,-0.14092959428820895,0.05772379454323435,0.08131538377590115,0.7987154494734314,-0.06542093673543647,1,dogecoin
2025-03-15,0.1718195561000062,1034276360.1389003,25500418386.69835,0.04165343850520986,0.044250573776489555,0.02383971300883303,0.05105172488333389,0.06287310395712484,0.7551256017703185,0.026903247246380012,1,dogecoin
2025-03-16,0.1761459784539959,720298076.7908576,26145240613.72014,0.02518003452105022,0.021509569002882367,0.13834967366382056,0.04512270318172547,0.04165084652462628,0.6742320173196878,0.0180101781867561,0,dogecoin
2025-03-17,0.16830195397278094,927114505.6414578,24983784095.335926,-0.044531385559072434,0.02032802925444477,0.022871994276875363,0.045750918073491374,0.04581913476314845,1.0371611236378544,-0.051307395310554026,1,dogecoin
2025-03-18,0.1736204186748998,1018336232.4544977,25780933531.33528,0.031600730571309965,0.010481126920415251,0.006863288093839293,0.042223623983593105,0.0424689974060145,1.1460227161324674,0.028107021597838216,0,dogecoin
2025-03-19,0.16827610995428421,1069389407.6757383,24944528516.753197,-0.030781567982638536,-0.044678104880873426,0.020171350286445122,0.040572379280222115,0.03934234371793503,1.064125481918722,-0.01588886635568073,0,dogecoin
2025-03-20,0.17800348456939283,1320951169.9347699,26442796451.105247,0.057806034485532454,0.05764360049070438,0.03599083020437632,0.04550830040986917,0.04357820603481231,1.162578246814996,0.038591500988631,0,dogecoin
2025-03-21,0.1695621495268066,1038017898.997562,25198496224.975834,-0.04742230222631105,-0.023374377156019976,-0.037377117462314424,0.0565651249952482,0.048211539367381276,0.9083220784057708,-0.039630843174304396,1,dogecoin
2025-03-22,0.1670057513578968,762513837.5823433,24802337475.666485,-0.015076467100964885,-0.007549251029944415,-0.00770164923393446,0.053899775717843434,0.044047765037919386,0.7328380712810655,-0.012560050090983413,1,dogecoin
2025-03-23,0.16721240679915322,436636928.7216825,24809123674.004166,0.0012374151164025182,-0.060622845650152524,-0.03690816969947197,0.024766118976103115,0.04041137048927871,0.5855216937737953,0.021445030333120025,1,dogecoin
2025-03-24,0.17217769230516256,571990345.4855789,25567291759.662663,0.02969448021864407,0.01542527495467061,0.02318559866839265,0.02265827674798814,0.04050711935752691,0.9688505478385487,0.024552721900420533,1,dogecoin
2025-03-25,0.18261625231959078,1592931137.3506715,27091109233.552685,0.06062666931281213,0.09347283452676036,0.025913918266019742,0.029703222020504516,0.041431167770973054,1.8368964505356808,0.029469057803892012,1,dogecoin
2025-03-26,0.19098207188312502,1696540510.903378,28357774760.5922,0.04581092568307388,0.1421525204916323,0.12632490456210022,0.015470651763190214,0.03119980148026724,1.318055581269905,-0.0015732478141368897,0,dogecoin
2025-03-27,0.19493224841665846,2258885477.8762884,28936205832.28477,0.020683493977124767,0.13215739975865404,0.16721877439367105,0.020192206992371644,0.022853801920556357,1.2213807221805844,-0.023368972609093243,0,dogecoin
2025-03-28,0.19074107097709586,1368405082.3626633,28336140460.271873,-0.02150068792416615,0.04449121342872653,0.14071123446123246,0.034014081283170274,0.03116111031874457,0.7711017108225292,-0.03633109240040833,0,dogecoin
2025-03-29,0.18027688468027825,1384586893.3114476,26786788253.431107,-0.054860687544708964,-0.05605336195848798,0.04703973126066141,0.037857888079781465,0.04785056369337029,0.8287833687936303,-0.03617623355854631,0,dogecoin
2025-03-30,0.16955629560567131,1145772000.0759876,25196649883.057045,-0.05946735264268599,-0.13017832101719384,-0.07151585112514336,0.02071866536827768,0.04629616403865524,0.8816424953158757,-0.016074578970288043,1,dogecoin
2025-03-31,0.16642492555953572,830307371.9494493,24723665521.268337,-0.018468025825582268,-0.12748248341585544,-0.1285835161460469,0.02245956362659854,0.032429596447487545,0.7411988930708799,0.024026135313036212,0,dogecoin
2025-04-01,0.16658416279748312,1345691695.4520378,24715772966.690254,0.0009568112313225186,-0.07595384126522509,-0.14542532520623608,0.030847335579203574,0.025727886180378454,1.2153381447270637,0.02627475831973088,0,dogecoin
2025-04-02,0.17426890464126327,1226397943.461258,25907094165.489334,0.04613128712074821,0.027793772084711232,-0.08635878078827908,0.03314395067909455,0.04343664651287794,1.0813534748112303,0.03686669642584447,0,dogecoin
2025-04-03,0.16424145213076016,1764099720.7163243,24434984199.50534,-0.05754011325855779,-0.013119870244403198,-0.08894891088204115,0.05197817282806537,0.04403079467731694,1.2204953988912093,-0.05316682317709006,1,dogecoin
2025-04-04,0.16201946825238184,1222246072.0530603,24103024324.683754,-0.013528764203870391,-0.027401731763964765,-0.04445029496762243,0.05203216925818744,0.03742856864628066,0.8703919454260463,-0.004394853615882136,0,dogecoin
2025-04-05,0.17105607575055004,1761401248.3904846,25431701590.520325,0.055774825060477706,-0.018436042260820518,0.02782726310643646,0.05712597421019296,0.04618322767193766,1.1129918463138102,0.06192017248075121,0,dogecoin
2025-04-06,0.16936834660585817,641157289.4817889,25118525002.33291,-0.00986652556646439,0.03121559392336759,0.016713376359551058,0.03899826147596816,0.04674990121625591,0.5306415311817282,-0.02027172354092025,0,dogecoin
2025-04-07,0.1489432542832566,1301616555.750496,22189098484.344727,-0.12059568822581335,-0.08070767118403377,-0.14532512504247452,0.08914061208024045,0.06518514731833705,1.0541752397110506,-0.09369313116446876,0,dogecoin
2025-04-07,0.13922314112580733,2571097920.932112,20697150437.1162,-0.06526051283238254,-0.18609648610882712,-0.15232641139238468,0.055364583932749824,0.06611059685275868,1.708797715658326,-0.003228350796106838,0,dogecoin
2025-01-13,2.153169093043295e-05,280780521.3965362,12685739166.85402,-0.03065358877615154,0.021232047599820003,-0.013576403249433544,0.03307072201558157,0.02741635389712862,0.7429580270444094,-0.03773093797609154,1,shiba-inu
2025-01-14,2.1203341058920377e-05,611955897.0940037,12489688633.853312,-0.015249609172519052,-0.017527690762879966,-0.004657267107320062,0.031099584143469566,0.025917829385935346,1.4264625556559936,-0.009407045584892398,1,shiba-inu
2025-01-15,2.164308152690397e-05,323902612.09272766,12747814650.925287,0.02073920646569949,-0.0256388374831793,0.026515220541740714,0.02637453582985438,0.026743615889784637,0.798682116759264,0.029285485626759256,1,shiba-inu
2025-01-16,2.283435722181773e-05,573936803.0383416,13458722075.849083,0.05504187069816813,0.06049995309674383,0.05804663554314704,0.03514911038916534,0.034596906866239424,1.1404263844067002,0.03487521966592018,0,shiba-inu
2025-01-17,2.1998408479531475e-05,463253527.2411236,12971801269.762863,-0.03660925219683975,0.037497270755667556,-0.009642188290442166,0.04630595140355483,0.038610524373287686,1.0210622202633821,-0.049108342448728935,0,shiba-inu
2025-01-18,2.4222138688772824e-05,1058760598.0681534,14271876844.364851,0.10108595861879865,0.11916312188090639,0.12495292483216858,0.07009512279980884,0.055057861466277135,1.5154370988582926,0.06136491799182986,0,shiba-inu
2025-01-19,2.271964905736459e-05,697109115.9969524,13377655898.605362,-0.06202960236969701,-0.005023489969034012,0.07151269199654231,0.0877618477481962,0.06641173182115502,0.9424115385136751,-0.06035510571335234,0,shiba-inu
2025-01-20,2.0292941420535845e-05,1325504426.1392498,11992025196.999454,-0.106810964848162,-0.07752683838844476,-0.06238206443429972,0.10941753930780218,0.08567079132753622,1.290499983930555,-0.08096868538534707,0,shiba-inu
2025-01-21,2.027424612363711e-05,1185821275.4094336,11962668749.160465,-0.0009212709242740758,-0.16298695238524075,-0.11211662642005493,0.053154218830314875,0.07841989400987535,1.1087848214256888,0.053407713204139506,0,shiba-inu
2025-01-22,2.090194963438395e-05,634521921.7565223,12316581922.172668,0.0309606338464552,-0.0800056118116591,-0.049842644124356905,0.07212269238131085,0.08085410695941209,0.6051042495407241,0.05762917111700823,0,shiba-inu
2025-01-23,2.0181738875930192e-05,290532527.0169023,11901699771.11641,-0.03445663065176485,-0.005479863283551323,-0.16680607211267406,0.032712114723988064,0.0533836756227156,0.4129080509408537,-0.03263000955724774,0,shiba-inu
2025-01-24,2.0147707571149698e-05,404555451.5065852,11874883861.111864,-0.0016862424486664418,-0.006241344398985271,-0.11320339850853445,0.032708651682291506,0.052459886759921755,0.9127988248765018,0.00039420568432864877,0,shiba-inu
2025-01-25,1.9911887954216567e-05,296430329.0882777,11723508538.55043,-0.011704538399733844,-0.04736695368066157,-0.018777635948510785,0.016792470031683212,0.023574792141595247,0.8968982019170545,0.0040844461604866815,0,shiba-inu
2025-01-26,1.99756547601229e-05,179459943.51769036,11775649457.335835,0.0032024490120150517,-0.010211415234049892,-0.014727618560676836,0.007599164774883165,0.02376164654644493,0.6114855417075618,0.006606254090031682,0,shiba-inu
2025-01-27,1.907583837811119e-05,181979036.35063133,11240658650.993763,-0.045045651460096425,-0.05320055342541108,-0.08736559451223569,0.024704005386997744,0.02096177579354285,0.829856480032131,-0.027312133651626064,0,shiba-inu
2025-01-28,1.8937559569613283e-05,560361026.0386686,11149921481.489803,-0.007248898095958745,-0.0489319941355415,-0.06164876644008033,0.025382751428242784,0.019045540541494307,1.8236961025639515,0.009061766615888422,0,shiba-inu
2025-01-29,1.7968049667482056e-05,292831835.4013573,10588742427.07775,-0.05119508131802142,-0.1005025926183204,-0.10818391600981836,0.023796628165330805,0.02419409229344564,0.8486469813168461,-0.01769421711191462,1,shiba-inu
2025-01-30,1.8301175608699826e-05,300925722.5472597,10790344102.314222,0.018539905408913038,-0.0406096316217619,-0.08089199523522095,0.03525927249156292,0.030496122380449495,0.7822221911745288,0.03207644928283367,0,shiba-inu
2025-01-31,1.868444404782593e-05,243083937.86118034,11021205783.05829,0.020942285201826616,-0.013365794090675509,-0.06463921847881526,0.04097263202613425,0.034152271192638375,0.871433619430949,0.025397549898718452,0,shiba-inu
2025-02-01,1.8874176613459652e-05,332181418.91979724,11119377330.857903,0.010154573780631004,0.05042989989155422,-0.010571580690416083,0.00566362564812593,0.029763199753159494,1.1373595101235536,-0.00665539284988707,0,shiba-inu
2025-02-02,1.768461049418517e-05,272991392.43676144,10427595683.500332,-0.06302611995408447,-0.033689918489256065,-0.0661621192964359,0.045684573832656124,0.04075665902922339,0.9654791171016804,-0.05179614712433245,0,shiba-inu
2025-02-03,1.5461478424456613e-05,685770679.1199425,9100813102.058964,-0.12570998215988627,-0.1724945957781565,-0.13950157581998157,0.06799982607507674,0.0647900243688115,1.5936499564364752,-0.06821178356716742,1,shiba-inu
2025-02-04,1.6758652321727645e-05,1559046671.7814248,9879050979.435041,0.08389714499870804,-0.11208564670436394,-0.08428547542262321,0.107587840174981,0.08103724085378136,1.8576232319946944,0.12125902723349602,0,shiba-inu
2025-02-05,1.5795483129033613e-05,593940678.561576,9306849610.961134,-0.05747295034250932,-0.10682323853119158,-0.15461851106714997,0.10690879611746151,0.07998422797875727,0.6276766167427894,-0.021865204165445462,0,shiba-inu
2025-02-06,1.5768798822590807e-05,369788294.2510844,9291787371.041992,-0.0016893631062007142,0.019876520840858447,-0.16453050400377844,0.0712066977553462,0.07864593595586722,0.4397398100502711,-0.008314870053153529,1,shiba-inu
2025-02-07,1.484594708761407e-05,336198247.7150499,8729448674.720188,-0.05852390821643527,-0.1141324014242927,-0.16051602649119534,0.03251430104659311,0.07823807002025843,0.7758855474506541,-0.020479774408337703,1,shiba-inu
2025-02-08,1.5094685840596346e-05,331529437.1170631,8894264464.554228,0.01675465711377866,-0.04436694229055482,-0.02372299555002988,0.03923690821564476,0.05914485815719363,0.9586245719608665,0.031543637877296936,1,shiba-inu
2025-02-09,1.596017626980966e-05,249354967.01999313,9408303390.566902,0.0573374257903152,0.012136463238067385,-0.04764560040921406,0.0587901242123941,0.04979771818592573,0.8157006345602713,0.05329193804429274,0,shiba-inu
2025-02-10,1.5698371787074686e-05,230836294.67303368,9250327195.758097,-0.016403608475816456,0.0574180073814079,-0.006148045056021512,0.0369327583251017,0.04261456371666515,0.8531369041522008,-0.035542944269619084,1,shiba-inu
2025-02-11,1.5793461323522236e-05,203478238.24261793,9308220984.516956,0.006057286560497976,0.04629281392836737,0.0015640063145516692,0.03779745277991755,0.042701470426715425,0.8928798414808842,-0.009373651415624481,1,shiba-inu
2025-02-12,1.5700233749412447e-05,269520290.51919454,9256115413.217066,-0.005902922241050379,-0.01628694545742093,0.0575434262803689,0.011238348127505068,0.02845941722378065,1.1487935018782598,-0.00047394042191006847,1,shiba-inu
2025-02-13,1.7009109329531596e-05,441016725.8899914,10018081875.592255,0.0833666301412952,0.08349512677079729,0.12682764710389072,0.04845760033612673,0.04324462095180454,1.4475143286027463,0.0555349212176961,0,shiba-inu
2025-02-14,1.6306311871297802e-05,276306059.1679844,9609450455.572918,-0.041318886522387244,0.03247233378865122,0.021687454802293837,0.0642518762037482,0.04707639130219481,0.8399695939692821,-0.052142997785270984,0,shiba-inu
2025-02-15,1.67319408149635e-05,291730775.66833925,9858716295.53482,0.026102097581911732,0.06571284746570494,0.06583925020426684,0.06241166270888567,0.046035332126123416,0.8673398133346418,0.00419781509334342,0,shiba-inu
2025-02-16,1.6326046103467224e-05,180462049.10647082,9622080941.43277,-0.02425867482947841,-0.0401586710292009,0.03372185292604457,0.0350543561688388,0.04917639514997721,0.7232958644742468,-0.010872451153078111,0,shiba-inu
2025-02-17,1.596285016010297e-05,147102631.21649447,9406171017.71509,-0.022246411719192838,-0.021063114326875576,0.01672691087802103,0.028512672481827716,0.05081400387888396,0.71259669254812,-0.015225373610234311,0,shiba-inu
2025-02-18,1.5733564465184877e-05,221991375.2865308,9268531614.741034,-0.014363706519726738,-0.059668890825012366,-0.0749918669834222,0.005229669236476674,0.025102136002474008,1.2118402100418681,0.005525923755277384,0,shiba-inu
2025-02-19,1.52157279950267e-05,217203789.90543178,8958276981.733698,-0.03291285145867884,-0.06800900238819751,-0.06688108781917368,0.009309321098984927,0.02312019289616326,1.1113999979326823,-0.010243183995946332,0,shiba-inu
2025-02-20,1.539324097033591e-05,160824740.1830075,9069100036.357456,0.01166641355360909,-0.035683426459187206,-0.0800086409240931,0.022394005142873763,0.0170329164313305,0.8040970244937294,0.023560889040004827,1,shiba-inu
2025-02-21,1.55682197532666e-05,153177105.017363,9174784183.571238,0.011367247694484162,-0.010509043407433194,-0.04641824146507112,0.025651925042320636,0.020109345189703996,0.8650723649807712,0.014870262163628559,0,shiba-inu
2025-02-22,1.508598865386535e-05,231719946.82279426,8892709252.663677,-0.030975352804874512,-0.00852666012456027,-0.054931387405315446,0.024533329558755597,0.02182059145920377,1.273835589176682,-0.028133132763354423,0,shiba-inu
2025-02-23,1.5620460732317345e-05,135385564.10074487,9209273617.28895,0.035428376006040097,0.014761008576381629,-0.00718869097449637,0.03361866771271319,0.029821674025034342,0.7806462869564128,0.030508039813912886,0,shiba-inu
2025-02-24,1.547576272647116e-05,116844458.54357614,9119150598.876225,-0.009263363502897026,-0.005938831045601001,0.017089864614394656,0.03385807943897925,0.024996769047655843,0.7243173835028981,-0.007283753154363359,0,shiba-inu
2025-02-25,1.3618030815978713e-05,358729592.1603741,8026174430.7128525,-0.12004137975796259,-0.09730604149105704,-0.11532400212393079,0.08004161982271152,0.05971568950439186,1.7614728541838998,-0.0876060325942769,1,shiba-inu
2025-02-26,1.4089719762457831e-05,457438179.77279913,8304040098.599179,0.03463708908087226,-0.09799589116424379,-0.09496911106348838,0.0797124492000191,0.06380120899493458,1.4708430334478828,0.0673023861356202,0,shiba-inu
2025-02-27,1.4370458550186235e-05,258676880.34202722,8459308238.77952,0.019925079594303563,-0.07142162850521816,-0.047430110156935656,0.08537415855033738,0.06526585646195728,0.7219933032958783,0.043732289096042945,0,shiba-inu
2025-02-28,1.4430994615339297e-05,197623342.08205026,8504562873.65687,0.0042125353858160075,0.05969760315174888,-0.07614795346702863,0.015215018546269422,0.06147220441566983,0.6488400014935668,-0.015686665664766952,1,shiba-inu
2025-03-01,1.3943722124082336e-05,361544391.2150996,8215894861.911585,-0.03376569004738028,-0.010361997316973404,-0.09899612894479715,0.027604131325083457,0.06196431788132162,1.3262093502321768,-0.03031169094172248,0,shiba-inu
2025-03-02,1.3640458975857407e-05,147086458.86024448,8031265981.597568,-0.02174908145230181,-0.0507986277389435,0.0016469458897374611,0.019411122404570207,0.028396747734318665,0.6247883290190727,-0.004816205539320644,0,shiba-inu
2025-03-03,1.5132756888953644e-05,361818124.9541392,8910104125.22346,0.10940232405210804,0.04862882235909205,0.07402823789831459,0.0794168016533663,0.05652252155981013,1.2470051731931235,0.09319271659907735,0,shiba-inu
2025-03-04,1.2907393628072152e-05,385067576.4570483,7623213128.753894,-0.14705603725821603,-0.07432222808143396,-0.10181059407426651,0.12824027931004114,0.09170960178871689,1.2922133157036981,-0.12228196123107138,1,shiba-inu
2025-03-05,1.3083873433257073e-05,429942623.71271515,7707098488.976705,0.013672768513164124,-0.04080401866135508,-0.09334915700476487,0.12959474519590838,0.09237223851177605,1.096020416573799,0.027274108066949153,1,shiba-inu
2025-03-06,1.3381158617652502e-05,183366724.903404,7884887940.720893,0.022721496498107285,-0.11574878815239176,-0.04034528954490746,0.09551617616161413,0.09309229514403242,0.5509944800355809,0.06130442588223787,0,shiba-inu
2025-03-07,1.3422366670975495e-05,196589011.55489463,7906961171.922834,0.0030795579441551535,0.03989752367846999,-0.01598863390652172,0.00983108453208555,0.09260990595132339,0.7281988255170093,-0.010219616615334845,0,shiba-inu
2025-03-08,1.3131245997973966e-05,322284453.19018173,7737220267.658316,-0.021689220696901934,0.003620683504663047,-0.13226346697214886,0.02225462479014938,0.06976097455994351,1.3768129107713447,-0.022896115198456284,0,shiba-inu
2025-03-09,1.2653599706487787e-05,164410722.31920853,7458430136.968703,-0.03637478816251527,-0.05437189199782111,-0.01966267775644437,0.019940761076505633,0.02468361392187782,0.7218550879638918,-0.01825082416324157,0,shiba-inu
2025-03-10,1.165679097262232e-05,239725246.72035897,6870244888.990196,-0.07877669256080388,-0.13153982018469612,-0.10907186376530831,0.02964390559120169,0.03892012409786605,0.9900268744559321,-0.034930085832571844,1,shiba-inu
2025-03-11,1.153067141105278e-05,389489289.30847025,6817890442.533274,-0.010819406633073347,-0.12189053401087302,-0.13829050678455812,0.034324897990574955,0.031405218285251314,1.4723168846183434,0.029810771370550992,1,shiba-inu
2025-03-12,1.2038148674217478e-05,360996707.29389054,7103271325.267327,0.04401107663845605,-0.04863841488163667,-0.10312771441054791,0.06151071840390028,0.04445425987250044,1.0936960463583774,0.060223881599001605,1,shiba-inu
2025-03-13,1.2333986592517118e-05,243346136.12861112,7262607879.263007,0.024575034443065746,0.05809451516161612,-0.06071468050936357,0.027799604586824397,0.048806394918364956,0.7345691332999525,0.005210196055860372,1,shiba-inu
2025-03-14,1.2011532680643099e-05,173076150.69418648,7078205685.409222,-0.026143527030396463,0.04170279877452643,-0.05074184743772836,0.03622108186791251,0.04770358278733018,0.6678875304204684,-0.04004445995523861,1,shiba-inu
2025-03-15,1.2808661594578358e-05,189178287.78197882,7543708324.402336,0.06636363028174186,0.06400593157742884,0.09881541366413571,0.04632535909930664,0.038161824110514025,0.9371438653543517,0.045028319755932245,1,shiba-inu
2025-03-16,1.2831691418540111e-05,109149931.77287394,7561112477.925443,0.0017979883215510917,0.04035230801409684,0.1128312446957973,0.047446504184304523,0.03600381038013627,0.6946261341311551,-0.011652781016481187,0,shiba-inu
2025-03-17,1.3132370821439797e-05,294387270.64380157,7737628421.525961,0.023432561857374745,0.09331349883457918,0.0908962147614818,0.03286298203619128,0.033996104811541646,1.4900265414615783,-0.007671937754151648,0,shiba-inu
2025-03-18,1.2965744115930261e-05,207058088.88657385,7638854031.660739,-0.012688242494455215,0.012263773243754938,0.05122086996563002,0.018177908581364796,0.036208252660861195,1.0173256746443173,-0.016776166909040196,0,shiba-inu
2025-03-19,1.2546060675609051e-05,138413918.74110904,7393346004.355788,-0.03236863511794663,-0.022259788956455195,0.04450123137302531,0.028301366117546793,0.037855069234827995,0.6489579354777211,-0.0249487054657949,0,shiba-inu
2025-03-20,1.2961183289692163e-05,186689530.86882612,7635968285.389779,0.03308788509927729,-0.013035538980376238,0.011907699644306602,0.03358404321062877,0.0265550000574247,1.0524409452603696,0.0374330647594027,0,shiba-inu
2025-03-21,1.2954482920674014e-05,156803296.86718497,7641363428.850308,-0.0005169565824656441,-0.0008685344362465708,0.009569393319144526,0.03273217288064466,0.02659377140636697,0.9761429862528165,-0.00022744510371678722,0,shiba-inu
2025-03-22,1.2519691846575462e-05,135086593.28929403,7380932519.192244,-0.033562981769397426,-0.0021017616378066206,-0.04665410253753122,0.03332582386942626,0.027414268000163833,0.8467973382550726,-0.03286239455679522,1,shiba-inu
2025-03-23,1.2787074687355521e-05,102676916.10019438,7535190175.060344,0.02135698258844898,-0.013433079252502256,-0.013780113734869981,0.027648723540684806,0.030399755689337202,0.7806808464780061,0.025834675672616398,1,shiba-inu
2025-03-24,1.2922105813633066e-05,118626366.0307166,7621559662.752716,0.010559970093165338,-0.0024992975203416146,0.029973164306074773,0.029096428317339475,0.025484862773893814,0.9985668017997064,0.011393069266612543,1,shiba-inu
2025-03-25,1.348800162100368e-05,204843458.34550005,7941464804.430823,0.043792847352602804,0.0773429399297143,0.04064585150419786,0.016952716780698856,0.02857262267242416,1.442062831102464,0.01801186737603137,1,shiba-inu
2025-03-26,1.3880329274646209e-05,212843676.29485202,8178922222.026278,0.029087159437436005,0.0854968484990355,0.07146918635360122,0.016653018410073897,0.029339085817535582,1.1905928679505302,0.0005882099377575063,0,shiba-inu
2025-03-27,1.4221391033508157e-05,595788829.4330822,8379328507.994286,0.02457158991789421,0.100547483406638,0.13592181083899169,0.010050740955400787,0.012124651684698711,1.7636002743620451,-0.008944237884318453,0,shiba-inu
2025-03-28,1.4044517268829418e-05,274923165.6175952,8274200724.319788,-0.012437163443575372,0.0412600519679005,0.09833700140324653,0.022782696592598413,0.021254070445104235,0.7611694707191274,-0.026190514099542206,0,shiba-inu
2025-03-29,1.32462140755763e-05,232403141.38119936,7804300072.40321,-0.05684091364427901,-0.045684449303964536,0.02508169075672595,0.04076218957464836,0.04060314769621427,0.6320368573662977,-0.041612763876290836,0,shiba-inu
2025-03-30,1.270291625466776e-05,187010638.29086614,7460421031.164625,-0.04101532844092304,-0.10677399807533572,-0.05820620343886784,0.02250501312126843,0.038328053318719614,0.808011036541559,-0.005423995749144463,0,shiba-inu
2025-03-31,1.243602342493055e-05,163154108.9482225,7327635713.90884,-0.021010358911808136,-0.11452823996085504,-0.10405414894254894,0.017955856079684588,0.0309623822669667,0.8401807521589887,0.017165721075143546,0,shiba-inu
2025-04-01,1.2390635057577875e-05,197945432.99634594,7301191694.658672,-0.0036497492648401852,-0.06459045679897046,-0.12873255306859166,0.01869837818430304,0.02168003312132202,1.0834250492008053,0.017880403001483303,0,shiba-inu
2025-04-02,1.2691439778989097e-05,178458640.69970518,7474785925.810972,0.024276780004690357,-0.0009034520458597317,-0.09634204322873807,0.02284807342570545,0.031729567822719455,0.9922487311291222,0.0245779306866436,0,shiba-inu
2025-04-03,1.2077907889822484e-05,327321676.93059313,7116474405.39218,-0.04834218180527672,-0.028796627577119982,-0.0881992529403528,0.036630629664669206,0.029379661296157655,1.3953802740874162,-0.03874330594623673,1,shiba-inu
2025-04-04,1.2210812486559267e-05,211398257.53746435,7194838603.344431,0.011003941903611869,-0.014512780836736239,-0.038739432602940105,0.03866877345888108,0.02836189273576976,0.8842912972742417,0.01584153551585728,0,shiba-inu
2025-04-05,1.2298070463239545e-05,252483289.11692482,7247545859.682792,0.0071459599249701355,-0.030994853428748192,-0.011093012370373079,0.03320587371960515,0.02780962936134498,0.9573392078949458,0.017477577734552864,0,shiba-inu
2025-04-06,1.2350187150446806e-05,101785791.44735204,7271477054.347656,0.0042377938362805345,0.022543578168348066,-0.0032643933860623253,0.0033941669232171656,0.02791001624319288,0.5398179349841381,-0.0032767322198354876,0,shiba-inu
2025-04-07,1.1278792221279534e-05,222291704.5461086,6641664165.18957,-0.08675131122434132,-0.07632745702266985,-0.11130711584419495,0.05339190356695728,0.043336899883869344,1.1566432037354908,-0.06130882555011803,0,shiba-inu
2025-04-07,1.0918337229127396e-05,388240177.62761384,6433503094.017819,-0.031958651696063045,-0.11219103340124315,-0.09600757608626964,0.04581017981317146,0.04147788555600854,1.6351139049547547,0.00543835943768467,0,shiba-inu
